Compound,Date,Negative,Neutral,Positive,Text,Tweets Ago,User
0.0,Sat Jun 09 20:04:00 +0000 2018,0.0,1.0,0.0,"Would you describe yourself as a feminist?
#HearHer https://t.co/RZh8XfEria",1,BBC
0.3612,Sat Jun 09 19:02:05 +0000 2018,0.0,0.878,0.122,"What is it like being Germaine Greer? This observational documentary spends time with her and finds out.

Germaine‚Ä¶ https://t.co/YauZn2kit4",2,BBC
0.0,Sat Jun 09 18:04:03 +0000 2018,0.0,1.0,0.0,"The cast of @QueerEye brought a bag of goodies along to @BBCR1's #BiggestWeekend üòçüéÅ

Here's what @tanfrance,‚Ä¶ https://t.co/c82OxTDXfI",3,BBC
0.5719,Sat Jun 09 17:01:05 +0000 2018,0.0,0.829,0.171,"One hundred years after some women won the right to vote, @ScarlettMoffatt tells the story of the suffragettes. https://t.co/B8gr3KbzkJ",4,BBC
0.4019,Sat Jun 09 16:04:03 +0000 2018,0.156,0.623,0.222,"A year on from the Grenfell Tower fire, Sean and his charity have been supporting children affected by the tragedy,‚Ä¶ https://t.co/GXtypl36BW",5,BBC
-0.7783,Sat Jun 09 15:02:02 +0000 2018,0.327,0.673,0.0,One shocking day of sexual violence from the police altered the suffragettes' political strategy forever.‚Ä¶ https://t.co/O1pfqAhXLa,6,BBC
0.7717,Sat Jun 09 14:04:02 +0000 2018,0.0,0.472,0.528,‚ù§Ô∏èÔ∏è This is what love looks like. https://t.co/Qle1eoBU5x,7,BBC
0.3612,Sat Jun 09 13:24:03 +0000 2018,0.0,0.815,0.185,"üòÜ @ChanningTatum and @UsainBolt have all the moves.  
#TheGNShow https://t.co/ry6TVJ6b6P",8,BBC
0.0,Sat Jun 09 13:03:06 +0000 2018,0.0,1.0,0.0,"Fifty nations are now taking action to reduce plastic pollution, according to the biggest report so far from the‚Ä¶ https://t.co/cz3KvhuKb4",9,BBC
0.0,Sat Jun 09 12:23:25 +0000 2018,0.0,1.0,0.0,RT @BBCNews: The Royal family watch the RAF flypast from Buckingham Palace. 23 aircraft are taking part to mark the Queen's official birthd‚Ä¶,10,BBC
0.9317,Sat Jun 09 12:03:00 +0000 2018,0.0,0.441,0.559,Your friend that likes gin will LOVE this. #TopOfTheShop üòç #WorldGinDay https://t.co/0y9sqjluRF,11,BBC
0.0,Sat Jun 09 11:10:52 +0000 2018,0.0,1.0,0.0,RT @BBCNews: The Trooping the Colour parade which marks the Queen's official birthday is underway in London. The Queen and Duke and Duchess‚Ä¶,12,BBC
-0.7269,Sat Jun 09 11:04:08 +0000 2018,0.305,0.588,0.106,"üòÇ Fashion sense v common sense: the battle rages on.

Is the 'fanny pack shoe' an ugly fashion step too far?
üëâ‚Ä¶ https://t.co/WJ11O2gJxE",13,BBC
0.0,Sat Jun 09 10:10:06 +0000 2018,0.0,1.0,0.0,"As football fans across the globe look forward to #Russia2018, @mrdanwalker looks back at England's World Cup-winni‚Ä¶ https://t.co/3w7JJV7JwI",14,BBC
-0.6808,Sat Jun 09 10:09:40 +0000 2018,0.219,0.73,0.051,"RT @bbcstories: Ever wondered why alcohol can seem to solve all our problems, but ends up making them even worse? This doctor‚Äôs explanation‚Ä¶",15,BBC
0.8658,Sat Jun 09 08:55:42 +0000 2018,0.0,0.7,0.3,"RT @BBCBreakfast: Yep, this is real... Russian hosts are being taught how to smile to make visitors feel welcome to the World Cup. üòÅ
#BBCWo‚Ä¶",16,BBC
0.6239,Sat Jun 09 08:54:21 +0000 2018,0.0,0.806,0.194,"RT @bbcrb: Just amazing.
The WHOLE community was invited to this Iftar meal. THOUSANDS turned up! üôåüôå https://t.co/WAOYvHIbx3",17,BBC
0.0,Sat Jun 09 08:53:14 +0000 2018,0.0,1.0,0.0,RT @bbccomedy: Dame Emma Thompson! ‚ù§Ô∏è #QueensBirthdayHonours https://t.co/sGDU1GC3SU,18,BBC
0.7579,Sat Jun 09 08:52:54 +0000 2018,0.0,0.787,0.213,"RT @BBC6Music: Which riffs do you wish you had written?

ü§ò @st_vincent had some brilliant suggestions when she took over our Instagram toda‚Ä¶",19,BBC
0.8122,Sat Jun 09 08:52:46 +0000 2018,0.0,0.697,0.303,RT @BBCArtsPR: Our very own @wmarybeard has received a damehood in the Queen's birthday honours list - congratulations Mary! @bbcarts @BBCF‚Ä¶,20,BBC
0.0,Sat Jun 09 20:04:00 +0000 2018,0.0,1.0,0.0,"Would you describe yourself as a feminist?
#HearHer https://t.co/RZh8XfEria",21,BBC
0.3612,Sat Jun 09 19:02:05 +0000 2018,0.0,0.878,0.122,"What is it like being Germaine Greer? This observational documentary spends time with her and finds out.

Germaine‚Ä¶ https://t.co/YauZn2kit4",22,BBC
0.0,Sat Jun 09 18:04:03 +0000 2018,0.0,1.0,0.0,"The cast of @QueerEye brought a bag of goodies along to @BBCR1's #BiggestWeekend üòçüéÅ

Here's what @tanfrance,‚Ä¶ https://t.co/c82OxTDXfI",23,BBC
0.5719,Sat Jun 09 17:01:05 +0000 2018,0.0,0.829,0.171,"One hundred years after some women won the right to vote, @ScarlettMoffatt tells the story of the suffragettes. https://t.co/B8gr3KbzkJ",24,BBC
0.4019,Sat Jun 09 16:04:03 +0000 2018,0.156,0.623,0.222,"A year on from the Grenfell Tower fire, Sean and his charity have been supporting children affected by the tragedy,‚Ä¶ https://t.co/GXtypl36BW",25,BBC
-0.7783,Sat Jun 09 15:02:02 +0000 2018,0.327,0.673,0.0,One shocking day of sexual violence from the police altered the suffragettes' political strategy forever.‚Ä¶ https://t.co/O1pfqAhXLa,26,BBC
0.7717,Sat Jun 09 14:04:02 +0000 2018,0.0,0.472,0.528,‚ù§Ô∏èÔ∏è This is what love looks like. https://t.co/Qle1eoBU5x,27,BBC
0.3612,Sat Jun 09 13:24:03 +0000 2018,0.0,0.815,0.185,"üòÜ @ChanningTatum and @UsainBolt have all the moves.  
#TheGNShow https://t.co/ry6TVJ6b6P",28,BBC
0.0,Sat Jun 09 13:03:06 +0000 2018,0.0,1.0,0.0,"Fifty nations are now taking action to reduce plastic pollution, according to the biggest report so far from the‚Ä¶ https://t.co/cz3KvhuKb4",29,BBC
0.0,Sat Jun 09 12:23:25 +0000 2018,0.0,1.0,0.0,RT @BBCNews: The Royal family watch the RAF flypast from Buckingham Palace. 23 aircraft are taking part to mark the Queen's official birthd‚Ä¶,30,BBC
0.9317,Sat Jun 09 12:03:00 +0000 2018,0.0,0.441,0.559,Your friend that likes gin will LOVE this. #TopOfTheShop üòç #WorldGinDay https://t.co/0y9sqjluRF,31,BBC
0.0,Sat Jun 09 11:10:52 +0000 2018,0.0,1.0,0.0,RT @BBCNews: The Trooping the Colour parade which marks the Queen's official birthday is underway in London. The Queen and Duke and Duchess‚Ä¶,32,BBC
-0.7269,Sat Jun 09 11:04:08 +0000 2018,0.305,0.588,0.106,"üòÇ Fashion sense v common sense: the battle rages on.

Is the 'fanny pack shoe' an ugly fashion step too far?
üëâ‚Ä¶ https://t.co/WJ11O2gJxE",33,BBC
0.0,Sat Jun 09 10:10:06 +0000 2018,0.0,1.0,0.0,"As football fans across the globe look forward to #Russia2018, @mrdanwalker looks back at England's World Cup-winni‚Ä¶ https://t.co/3w7JJV7JwI",34,BBC
-0.6808,Sat Jun 09 10:09:40 +0000 2018,0.219,0.73,0.051,"RT @bbcstories: Ever wondered why alcohol can seem to solve all our problems, but ends up making them even worse? This doctor‚Äôs explanation‚Ä¶",35,BBC
0.8658,Sat Jun 09 08:55:42 +0000 2018,0.0,0.7,0.3,"RT @BBCBreakfast: Yep, this is real... Russian hosts are being taught how to smile to make visitors feel welcome to the World Cup. üòÅ
#BBCWo‚Ä¶",36,BBC
0.6239,Sat Jun 09 08:54:21 +0000 2018,0.0,0.806,0.194,"RT @bbcrb: Just amazing.
The WHOLE community was invited to this Iftar meal. THOUSANDS turned up! üôåüôå https://t.co/WAOYvHIbx3",37,BBC
0.0,Sat Jun 09 08:53:14 +0000 2018,0.0,1.0,0.0,RT @bbccomedy: Dame Emma Thompson! ‚ù§Ô∏è #QueensBirthdayHonours https://t.co/sGDU1GC3SU,38,BBC
0.7579,Sat Jun 09 08:52:54 +0000 2018,0.0,0.787,0.213,"RT @BBC6Music: Which riffs do you wish you had written?

ü§ò @st_vincent had some brilliant suggestions when she took over our Instagram toda‚Ä¶",39,BBC
0.8122,Sat Jun 09 08:52:46 +0000 2018,0.0,0.697,0.303,RT @BBCArtsPR: Our very own @wmarybeard has received a damehood in the Queen's birthday honours list - congratulations Mary! @bbcarts @BBCF‚Ä¶,40,BBC
0.5859,Sat Jun 09 08:52:33 +0000 2018,0.0,0.853,0.147,RT @bbcarts: Women across Britain raise banners for suffrage &amp; what it means to be a C21st woman. See selection of brilliant banners prior‚Ä¶,41,BBC
0.0,Sat Jun 09 08:50:01 +0000 2018,0.0,1.0,0.0,"RT @BBCEngland: Britain's longest-serving poppy seller, 103-year-old Rosemary Powell, has been appointed an MBE in the Queen's birthday hon‚Ä¶",42,BBC
0.4215,Sat Jun 09 08:32:05 +0000 2018,0.0,0.877,0.123,"üá¨üáß @huwbbc introduces live coverage of the military parade to mark the official birthday of HM the Queen. 

Troopin‚Ä¶ https://t.co/y1b6OpOoey",43,BBC
0.7783,Sat Jun 09 07:28:04 +0000 2018,0.097,0.51,0.393,"The charming and beautiful films of Lotte Reiniger, forgotten pioneer of animation. https://t.co/T2N7eLjHKh",44,BBC
0.0,Fri Jun 08 20:04:03 +0000 2018,0.0,1.0,0.0,"üé∂ Tonight, @ArcticMonkeys perform live for @BBCR1 at the legendary Maida Vale studios.

Artic Monkeys Live at the B‚Ä¶ https://t.co/l8FI1nOTWY",45,BBC
0.7809,Fri Jun 08 18:09:05 +0000 2018,0.0,0.617,0.383,üíÉüï∫ Why does dancing with our friends make us feel so good? https://t.co/iokI919nJp,46,BBC
0.5574,Fri Jun 08 17:03:04 +0000 2018,0.0,0.841,0.159,üé∂ü¶àüöÄüöó From jazz-loving sharks to @elonmusk shooting his car into space: these are the 7 funniest news stories of the‚Ä¶ https://t.co/TN5XaD9I0k,47,BBC
0.0,Fri Jun 08 16:02:00 +0000 2018,0.0,1.0,0.0,Leaving your responsibilities behind on a Friday like... üíÅüëã #FridayFeeling @taylorswift13 https://t.co/wvmpzlOSel,48,BBC
0.4019,Fri Jun 08 13:03:05 +0000 2018,0.0,0.829,0.171,"üì∫ From drama Succession to the return of @PoldarkTV, here are the TV shows worth watching in June. 
üëâ‚Ä¶ https://t.co/VFdghjNGmK",49,BBC
0.784,Fri Jun 08 12:28:10 +0000 2018,0.0,0.734,0.266,RT @bbcouch: We can announce today that Britain's Got Talent winner @LostVoiceGuy will be hosting our Storytelling Live event at @edfringe!‚Ä¶,50,BBC
0.34,Fri Jun 08 12:24:37 +0000 2018,0.0,0.854,0.146,"RT @BBCEarth: We all have a part to play in protecting #OurBluePlanet.
#WorldOceansDay üíô https://t.co/1TM73iYPmA",51,BBC
-0.8126,Fri Jun 08 12:19:25 +0000 2018,0.27,0.73,0.0,"üíî US celebrity chef and television personality Anthony Bourdain has been found dead in his hotel room, aged 61.
üëâ‚Ä¶ https://t.co/55jBxSrdUS",52,BBC
0.0,Fri Jun 08 12:04:03 +0000 2018,0.0,1.0,0.0,The unexpected pioneering women of electronic music. https://t.co/ih6gK1Sz0y,53,BBC
-0.2263,Fri Jun 08 11:03:04 +0000 2018,0.106,0.894,0.0,"Forget hygge, a new Nordic lifestyle trend called 'p√§ntsdrunk' is all about drinking in your underwear. üëôüçª‚Ä¶ https://t.co/SBTQBZ5E5e",54,BBC
0.2023,Fri Jun 08 10:52:51 +0000 2018,0.0,0.927,0.073,"RT @UKMoments: All-day Friday @BBC6Music will be playing an all-female playlist, spun by an all-woman DJ line up as part of the BBC's #Hear‚Ä¶",55,BBC
0.0,Fri Jun 08 10:50:03 +0000 2018,0.0,1.0,0.0,"Pippa Middleton has confirmed she is expecting her first child with husband James Matthews. 
https://t.co/4SiziX5Tix https://t.co/bFobAI2hBp",56,BBC
-0.3089,Fri Jun 08 09:01:04 +0000 2018,0.17,0.83,0.0,"'If the oceans don't stay healthy, human beings are doomed.' 
#WorldOceansDay https://t.co/5aTLEHZ9Mi",57,BBC
0.4404,Fri Jun 08 08:46:14 +0000 2018,0.0,0.861,0.139,"RT @BBC6Music: This Friday, @St_Vincent takes over our Instagram (https://t.co/ui96YFYsuH) and offers some advice to improve your day. Here‚Ä¶",58,BBC
0.5413,Fri Jun 08 08:01:07 +0000 2018,0.0,0.741,0.259,"These ducklings jumping from their nest are absolutely adorable. ü¶Üüê£‚ù§Ô∏èÔ∏è
https://t.co/NlQijnt3hm",59,BBC
-0.1603,Fri Jun 08 07:29:05 +0000 2018,0.075,0.925,0.0,"üèô We often think of cities as the least healthy places to live. But what does the research say?
üëâ‚Ä¶ https://t.co/gm4wRIFCQG",60,BBC
0.0,Fri Jun 08 07:00:18 +0000 2018,0.0,1.0,0.0,"üåäüíô A message from Sir David Attenborough for #WorldOceansDay. 
 https://t.co/778x4RMMRv",61,BBC
-0.3612,Thu Jun 07 19:04:09 +0000 2018,0.143,0.857,0.0,"#OurGirl's Michelle Keegan discovers her great-great-grandmother was a suffragette, fighting for women to get the v‚Ä¶ https://t.co/sNDxrleuGi",62,BBC
0.0,Thu Jun 07 18:00:21 +0000 2018,0.0,1.0,0.0,‚ù§Ô∏èÔ∏è Harry has been wearing a Spider-Man mask during his radiotherapy to give him 'superpowers'. https://t.co/rsyOrCzD7k,63,BBC
0.7964,Thu Jun 07 16:02:03 +0000 2018,0.0,0.53,0.47,Turns out even Shakespearean acting legends love a good chinwag. https://t.co/0DO0vG4uZg,64,BBC
0.4404,Thu Jun 07 15:36:48 +0000 2018,0.0,0.892,0.108,"RT @BBC6Music: üí™ Who do you hope to hear during our all-female #HearHer day from 5am-midnight on Friday?

Backstage in Belfast we asked @fi‚Ä¶",65,BBC
0.8043,Thu Jun 07 15:32:24 +0000 2018,0.086,0.544,0.369,This elderly man was struggling slowly across a busy road - but help was at hand! https://t.co/xfCtAOkL6F,66,BBC
-0.7906,Thu Jun 07 14:04:02 +0000 2018,0.259,0.741,0.0,"üêç A Texan required 26 doses of anti-venom after he was bitten by the severed head of a rattlesnake he had killed.
üëâ‚Ä¶ https://t.co/zdD1aO7POz",67,BBC
-0.4588,Thu Jun 07 13:00:43 +0000 2018,0.138,0.862,0.0,RT @BBC_ARoadshow: 'We did it for all women' - 50 years after they walked out the Dagenham women say the fight for equal pay must go on #An‚Ä¶,68,BBC
0.2263,Thu Jun 07 13:00:26 +0000 2018,0.0,0.921,0.079,"üéûüé¨ From the Jurassic World sequel to an Oscar Wilde biopic, these films are worth making a trip to the cinema for t‚Ä¶ https://t.co/PODFpM3UOq",69,BBC
-0.5574,Thu Jun 07 12:01:05 +0000 2018,0.242,0.659,0.099,"üëäüíï If you've ever been touched by cancer, Julie's message will be important. 
https://t.co/L7Ebn2c0Ed",70,BBC
0.6531,Thu Jun 07 11:46:22 +0000 2018,0.052,0.733,0.215,"RT @BBCEarth: Are you obsessed with the ocean? üåä
Do you go wild for whales? üêã
Want to share your passion for presenting with the world?
Ent‚Ä¶",71,BBC
0.7003,Thu Jun 07 11:01:05 +0000 2018,0.0,0.784,0.216,üíïüêÆ Cow cuddling is the new wellness trend coming to a field near you and it's guaranteed to put you in a good moooo‚Ä¶ https://t.co/8DJNABgCFc,72,BBC
0.0,Thu Jun 07 09:37:40 +0000 2018,0.0,1.0,0.0,Little girls don‚Äôt stay little forever. https://t.co/3yThJBbcUs,73,BBC
0.3612,Thu Jun 07 08:01:03 +0000 2018,0.0,0.828,0.172,What it's like to find out you were adopted at age 49. https://t.co/Fl1LZJOMKZ,74,BBC
0.3182,Thu Jun 07 07:28:01 +0000 2018,0.0,0.892,0.108,"The original illustrated map of The Hundred Acre Wood is expected to fetch between ¬£100,000 - ¬£150,000 when it goes‚Ä¶ https://t.co/FVle3m5MCh",75,BBC
0.5106,Thu Jun 07 07:01:05 +0000 2018,0.0,0.732,0.268,‚ù§Ô∏èüê∂ Some heroes don't wear capes - they wear collars. https://t.co/0YF9EdnfL1,76,BBC
0.0,Wed Jun 06 20:44:01 +0000 2018,0.0,1.0,0.0,"Tonight, award-winning writer Jeanette Winterson asks what we can learn from the Suffragette movement of a century‚Ä¶ https://t.co/K9P2GuRy7X",77,BBC
0.3818,Wed Jun 06 20:04:00 +0000 2018,0.0,0.86,0.14,Comedian @JordBrookes joins @SusanCalman for #MrsBrightside - her brand new podcast about mental health from the po‚Ä¶ https://t.co/nIvQ5c2NNT,78,BBC
0.0,Wed Jun 06 19:03:03 +0000 2018,0.0,1.0,0.0,"Tonight, #OurGirl actress @michkeegan uncovers some exceptional women on her family tree. üôãüíï

Who Do You Think You‚Ä¶ https://t.co/HDwdTyTqIw",79,BBC
0.1779,Wed Jun 06 18:03:04 +0000 2018,0.122,0.718,0.16,No leaks (and better orgasms) - what you need to know about your pelvic floor. https://t.co/m8pGrbm71M,80,BBC
0.0,Wed Jun 06 17:02:09 +0000 2018,0.0,1.0,0.0,"74 years on from D-Day, these infrared photos show WW2 bunkers in new light. üì∑ 
https://t.co/Dn2XKQ5jtZ https://t.co/Rqm91pIfj4",81,BBC
0.0,Wed Jun 06 16:00:01 +0000 2018,0.0,1.0,0.0,"There are more than 110,000 gang members in Honduras and they're tearing the country apart. https://t.co/ZF9M0iAvzb",82,BBC
0.3182,Wed Jun 06 13:02:05 +0000 2018,0.0,0.892,0.108,From a French novel about the Burundi genocide to a Chilean mystery: add these titles to your book shelf this month‚Ä¶ https://t.co/T9AG8kvoPG,83,BBC
-0.5574,Wed Jun 06 12:21:20 +0000 2018,0.153,0.847,0.0,"RT @BBC_ARoadshow: Fiona discovers more about suffragette Emily Wilding Davison, who died after throwing herself in front of the King's hor‚Ä¶",84,BBC
-0.6523,Wed Jun 06 12:03:06 +0000 2018,0.236,0.764,0.0,"Ethan Hawke relives the time when one of his co-stars DIED on stage. #TheGNShow

https://t.co/XIG2Y8OA7m",85,BBC
0.0,Wed Jun 06 11:02:02 +0000 2018,0.0,1.0,0.0,"In 1993, Steven Spielberg's film Jurassic Park defined dinosaurs for an entire generation... but does it make scien‚Ä¶ https://t.co/wLK4pyl9pv",86,BBC
0.0,Wed Jun 06 10:01:40 +0000 2018,0.0,1.0,0.0,"RT @BBCSpringwatch: Ever heard a beatboxing starling? üîä üîä

#Springwatch https://t.co/NC52eJ4MX0",87,BBC
0.4215,Wed Jun 06 08:55:39 +0000 2018,0.0,0.833,0.167,RT @bbcthree: Madame Poole has been ballet dancing for an astounding seven decades. #HearHer https://t.co/X6ltLoANl7,88,BBC
0.0,Wed Jun 06 08:55:07 +0000 2018,0.0,1.0,0.0,"RT @BBCFOUR: Here's a sneak preview of our brand new drama #Hidden. Starts Saturday, 9pm, @BBCFour. https://t.co/cibPD1hzr3 https://t.co/te‚Ä¶",89,BBC
0.2732,Wed Jun 06 08:02:01 +0000 2018,0.126,0.698,0.177,"When Mona began to lose her sight, her 84-year-old husband did something amazing for her... üíÖüíÑ‚ù§Ô∏èÔ∏è

https://t.co/Qle1eoBU5x",90,BBC
-0.7579,Wed Jun 06 07:31:01 +0000 2018,0.281,0.667,0.053,"We're all familiar with that sinking, nagging feeling we get when we realise we have made the wrong choice. üòü

But‚Ä¶ https://t.co/NPYZY5U43f",91,BBC
0.0,Wed Jun 06 07:04:04 +0000 2018,0.0,1.0,0.0,"üìªüê´ü¶Öüêºü¶à @GregJames has got a new co-host!

Sir David Attenborough becomes a @BBCR1 DJ at 5pm today... 

https://t.co/zHHtjBZZ9v",92,BBC
-0.4019,Tue Jun 05 19:25:03 +0000 2018,0.137,0.863,0.0,"'The problem with plastic is that it never goes away. It doesn't decompose. It defies nature.' 
#WorldEnvironmentDay https://t.co/Tkmj9qXzlK",93,BBC
-0.7184,Tue Jun 05 19:02:05 +0000 2018,0.273,0.727,0.0,"#OurGirl is back and heading to Nigeria in the fight against terror. 

Our Girl | 9pm | @BBCOne |‚Ä¶ https://t.co/epbhcujexD",94,BBC
0.0,Tue Jun 05 18:02:06 +0000 2018,0.0,1.0,0.0,"üë∂ü•¶ If your child's a fussy eater, here are 5 tips from scientist @Dr_C_Llewellyn. https://t.co/MOhdgXa96t",95,BBC
0.8221,Tue Jun 05 16:50:46 +0000 2018,0.0,0.719,0.281,RT @BBCTwo: Always wanted to pitch an idea to the stars of #DragonsDen? Well here‚Äôs your chance! Reply to this tweet with your best busines‚Ä¶,96,BBC
-0.8126,Tue Jun 05 16:31:52 +0000 2018,0.27,0.73,0.0,"üíî Fashion designer Kate Spade, 55, has been found dead in her New York apartment.
üëâ https://t.co/ku2uHiO0Nh https://t.co/sg40Mjbb12",97,BBC
-0.1531,Tue Jun 05 16:00:22 +0000 2018,0.11,0.814,0.076,‚ôªÔ∏èüóë These protesters want shops to take more responsibility for the overuse of plastic packaging.‚Ä¶ https://t.co/C4YX62DYWU,98,BBC
0.6369,Tue Jun 05 13:01:07 +0000 2018,0.0,0.84,0.16,"‚ù§Ô∏èüòΩ This man has vowed to be the best 'cat dad' he can be after finding random kittens under his bed. 
üëâ‚Ä¶ https://t.co/fWsKzfv8s3",99,BBC
0.8122,Tue Jun 05 12:00:22 +0000 2018,0.09,0.519,0.391,"üòÇ These knitted Poldark dolls are the best!
#TheGNShow https://t.co/Mpc1dWzojg",100,BBC
0.68,Sat Jun 09 21:00:02 +0000 2018,0.0,0.763,0.237,These two know a thing or two about awards! Watch them light up the stage tomorrow at the #TonyAwards. ‚ú® https://t.co/KHVZp65oLS,1,CBS
0.0,Sat Jun 09 16:00:00 +0000 2018,0.0,1.0,0.0,Here's everything you need to know before watching the #TonyAwards this Sunday at 8/7c: https://t.co/jcRgNGmLUZ https://t.co/8suUhVPFK6,2,CBS
0.296,Fri Jun 08 19:46:17 +0000 2018,0.0,0.82,0.18,Join @etnow's @DDirecto this Sunday on the #TonyAwards' red carpet. https://t.co/7jS8g10KmY,3,CBS
0.0,Fri Jun 08 15:00:03 +0000 2018,0.0,1.0,0.0,Here's @laChanze with a reminder that you can stream the #TonyAwards this Sunday on CBS All Access! https://t.co/8TDEXzKmyQ,4,CBS
0.9078,Fri Jun 08 13:58:15 +0000 2018,0.0,0.564,0.436,"We all get by with a little help from our friends, so what better way to celebrate #NationalBestFriendsDay than to‚Ä¶ https://t.co/pIZezbBwaT",5,CBS
0.3612,Thu Jun 07 17:03:26 +0000 2018,0.0,0.872,0.128,"Get ready for show-stopping performances by the casts of the 2018 Tony-nominated shows Mean Girls, SpongeBob Square‚Ä¶ https://t.co/NiSx9Bbw0F",6,CBS
0.2732,Wed Jun 06 21:00:24 +0000 2018,0.105,0.719,0.176,Don‚Äôt miss a special performance from @springsteen this Sunday at the #TonyAwards: https://t.co/LYYdleaFwU https://t.co/IKkKoITH9y,7,CBS
0.3595,Wed Jun 06 00:08:30 +0000 2018,0.0,0.872,0.128,"RT @CBSThisMorning: .@SaraBareilles and @joshgroban are hosting this Sunday's @TheTonyAwards on @CBS! 

Wednesday, they'll join us LIVE on‚Ä¶",8,CBS
-0.4404,Tue Jun 05 22:23:35 +0000 2018,0.177,0.723,0.1,"RT @SU2C: SU2C telecast Co-Executive Producer Bradley Cooper sits down with Mitch Carbon, a pediatric cancer survivor who benefited from #S‚Ä¶",9,CBS
0.4574,Tue Jun 05 22:12:28 +0000 2018,0.0,0.824,0.176,RT @StrangeAngel: About last night... The #StrangeAngel screening party was a blast! Pun intended. üöÄüòè https://t.co/m64EcNmweY,10,CBS
0.5093,Tue Jun 05 19:00:02 +0000 2018,0.0,0.845,0.155,These CBS stars can really belt it out! Find out which celebs from your favorite shows are pitch-perfect:‚Ä¶ https://t.co/X4zMACFazB,11,CBS
0.0,Tue Jun 05 15:04:41 +0000 2018,0.0,1.0,0.0,"More stars are set to appear at the #TonyAwards, including @billyjoel, @amyschumer, and @katharinemcphee. See who e‚Ä¶ https://t.co/lPUocBcn9t",12,CBS
0.0,Mon Jun 04 17:00:00 +0000 2018,0.0,1.0,0.0,"The #TonyAwards are just days away, and @joshgroban and @SaraBareilles will bring all they've got to Broadway's Big‚Ä¶ https://t.co/eKkWn6ClSq",13,CBS
-0.3903,Fri Jun 01 17:39:17 +0000 2018,0.131,0.807,0.062,"Call us old-fashioned, but we donut want you missing out on #NationalDonutDay! Here are a few treats from us to you‚Ä¶ https://t.co/HpzN8bQ3SO",14,CBS
0.8442,Fri Jun 01 17:00:03 +0000 2018,0.0,0.664,0.336,Remember @Lin_Manuel‚Äôs beautiful sonnet from the 70th Annual Tony Awards¬Æ? Relive some of the greatest moments in‚Ä¶ https://t.co/IZjeQLd58C,15,CBS
0.8932,Thu May 31 23:50:00 +0000 2018,0.0,0.545,0.455,"Good friends @joshgroban and @SaraBareilles are hosting the #TonyAwards together? Well, this is bound to be fun! https://t.co/26Vgzp0s2e",16,CBS
0.4926,Wed May 30 15:07:34 +0000 2018,0.0,0.849,0.151,"The #TonyAwards just got even better because @UzoAduba, @MattBomer, and more stars will be presenting live! Find ou‚Ä¶ https://t.co/hfFBtWo1T9",17,CBS
0.0,Mon May 28 21:00:01 +0000 2018,0.0,1.0,0.0,"Mark your calendars. @SalvationCBS returns Monday, June 25 at 9/8c! ‚òÑÔ∏è https://t.co/N9pYuhYLRF",18,CBS
0.0,Mon May 28 02:08:19 +0000 2018,0.0,1.0,0.0,RT @thegoodfight: All episodes of season 2 are now available. Stream #TheGoodFight on CBS All Access: https://t.co/k3tn8kR9KC https://t.co/‚Ä¶,19,CBS
0.6239,Wed May 23 23:07:38 +0000 2018,0.0,0.797,0.203,Get the popcorn ready! üçø  It's going to be an unforgettable @survivorcbs finale. Make sure to tune in TONIGHT at 8/‚Ä¶ https://t.co/vp0JyqfXMQ,20,CBS
0.68,Sat Jun 09 21:00:02 +0000 2018,0.0,0.763,0.237,These two know a thing or two about awards! Watch them light up the stage tomorrow at the #TonyAwards. ‚ú® https://t.co/KHVZp65oLS,21,CBS
0.0,Sat Jun 09 16:00:00 +0000 2018,0.0,1.0,0.0,Here's everything you need to know before watching the #TonyAwards this Sunday at 8/7c: https://t.co/jcRgNGmLUZ https://t.co/8suUhVPFK6,22,CBS
0.296,Fri Jun 08 19:46:17 +0000 2018,0.0,0.82,0.18,Join @etnow's @DDirecto this Sunday on the #TonyAwards' red carpet. https://t.co/7jS8g10KmY,23,CBS
0.0,Fri Jun 08 15:00:03 +0000 2018,0.0,1.0,0.0,Here's @laChanze with a reminder that you can stream the #TonyAwards this Sunday on CBS All Access! https://t.co/8TDEXzKmyQ,24,CBS
0.9078,Fri Jun 08 13:58:15 +0000 2018,0.0,0.564,0.436,"We all get by with a little help from our friends, so what better way to celebrate #NationalBestFriendsDay than to‚Ä¶ https://t.co/pIZezbBwaT",25,CBS
0.3612,Thu Jun 07 17:03:26 +0000 2018,0.0,0.872,0.128,"Get ready for show-stopping performances by the casts of the 2018 Tony-nominated shows Mean Girls, SpongeBob Square‚Ä¶ https://t.co/NiSx9Bbw0F",26,CBS
0.2732,Wed Jun 06 21:00:24 +0000 2018,0.105,0.719,0.176,Don‚Äôt miss a special performance from @springsteen this Sunday at the #TonyAwards: https://t.co/LYYdleaFwU https://t.co/IKkKoITH9y,27,CBS
0.3595,Wed Jun 06 00:08:30 +0000 2018,0.0,0.872,0.128,"RT @CBSThisMorning: .@SaraBareilles and @joshgroban are hosting this Sunday's @TheTonyAwards on @CBS! 

Wednesday, they'll join us LIVE on‚Ä¶",28,CBS
-0.4404,Tue Jun 05 22:23:35 +0000 2018,0.177,0.723,0.1,"RT @SU2C: SU2C telecast Co-Executive Producer Bradley Cooper sits down with Mitch Carbon, a pediatric cancer survivor who benefited from #S‚Ä¶",29,CBS
0.4574,Tue Jun 05 22:12:28 +0000 2018,0.0,0.824,0.176,RT @StrangeAngel: About last night... The #StrangeAngel screening party was a blast! Pun intended. üöÄüòè https://t.co/m64EcNmweY,30,CBS
0.5093,Tue Jun 05 19:00:02 +0000 2018,0.0,0.845,0.155,These CBS stars can really belt it out! Find out which celebs from your favorite shows are pitch-perfect:‚Ä¶ https://t.co/X4zMACFazB,31,CBS
0.0,Tue Jun 05 15:04:41 +0000 2018,0.0,1.0,0.0,"More stars are set to appear at the #TonyAwards, including @billyjoel, @amyschumer, and @katharinemcphee. See who e‚Ä¶ https://t.co/lPUocBcn9t",32,CBS
0.0,Mon Jun 04 17:00:00 +0000 2018,0.0,1.0,0.0,"The #TonyAwards are just days away, and @joshgroban and @SaraBareilles will bring all they've got to Broadway's Big‚Ä¶ https://t.co/eKkWn6ClSq",33,CBS
-0.3903,Fri Jun 01 17:39:17 +0000 2018,0.131,0.807,0.062,"Call us old-fashioned, but we donut want you missing out on #NationalDonutDay! Here are a few treats from us to you‚Ä¶ https://t.co/HpzN8bQ3SO",34,CBS
0.8442,Fri Jun 01 17:00:03 +0000 2018,0.0,0.664,0.336,Remember @Lin_Manuel‚Äôs beautiful sonnet from the 70th Annual Tony Awards¬Æ? Relive some of the greatest moments in‚Ä¶ https://t.co/IZjeQLd58C,35,CBS
0.8932,Thu May 31 23:50:00 +0000 2018,0.0,0.545,0.455,"Good friends @joshgroban and @SaraBareilles are hosting the #TonyAwards together? Well, this is bound to be fun! https://t.co/26Vgzp0s2e",36,CBS
0.4926,Wed May 30 15:07:34 +0000 2018,0.0,0.849,0.151,"The #TonyAwards just got even better because @UzoAduba, @MattBomer, and more stars will be presenting live! Find ou‚Ä¶ https://t.co/hfFBtWo1T9",37,CBS
0.0,Mon May 28 21:00:01 +0000 2018,0.0,1.0,0.0,"Mark your calendars. @SalvationCBS returns Monday, June 25 at 9/8c! ‚òÑÔ∏è https://t.co/N9pYuhYLRF",38,CBS
0.0,Mon May 28 02:08:19 +0000 2018,0.0,1.0,0.0,RT @thegoodfight: All episodes of season 2 are now available. Stream #TheGoodFight on CBS All Access: https://t.co/k3tn8kR9KC https://t.co/‚Ä¶,39,CBS
0.6239,Wed May 23 23:07:38 +0000 2018,0.0,0.797,0.203,Get the popcorn ready! üçø  It's going to be an unforgettable @survivorcbs finale. Make sure to tune in TONIGHT at 8/‚Ä¶ https://t.co/vp0JyqfXMQ,40,CBS
0.5859,Wed May 23 19:02:43 +0000 2018,0.0,0.826,0.174,"RT @StrangeAngel: Every brilliant mind has a dark side. #StrangeAngel launches June 14, only on CBS All Access. https://t.co/y0MZg1BzEB htt‚Ä¶",41,CBS
0.1139,Tue May 22 23:19:40 +0000 2018,0.0,0.917,0.083,Prepare yourself. The @NCIS_CBS season finale is unlike any other. Don't miss it TONIGHT at 8/7c. https://t.co/MOH6uiFc0C,42,CBS
0.0,Tue May 22 20:02:22 +0000 2018,0.0,1.0,0.0,"Summer heats up with @CBSBigBrother, @SalvationCBS, and the brand-new competition series @TKOCBS. Find out when you‚Ä¶ https://t.co/DxE7OnKs17",43,CBS
0.0,Mon May 21 23:00:01 +0000 2018,0.0,1.0,0.0,Who‚Äôs going to be watching the season finale of @ManWithAPlan tonight? RT if you'll be tuning in at 8:30/7:30c! https://t.co/ARLRtVuGuc,44,CBS
0.3382,Sun May 20 20:00:00 +0000 2018,0.061,0.808,0.131,The season finale of @MadamSecretary will leave you speechless! Make sure to tune in tonight at 10/9c. https://t.co/hqxkLZsWpl,45,CBS
0.1867,Sun May 20 17:00:01 +0000 2018,0.0,0.92,0.08,The @NCISLA season finale is going to be a wild ride. Don't miss all of the action starting TONIGHT at 8/7c! https://t.co/PNtUuVf9VQ,46,CBS
0.4199,Sat May 19 08:00:01 +0000 2018,0.0,0.715,0.285,Retweet if you're ready for the #RoyalWedding! https://t.co/k57NM7OrXn,47,CBS
0.0,Fri May 18 21:00:01 +0000 2018,0.0,1.0,0.0,It's going down (literally) on the Season Finale of @HawaiiFive0CBS when a submarine appears off the coast of Waiki‚Ä¶ https://t.co/oD7Le5XUz6,48,CBS
0.3595,Fri May 18 14:00:03 +0000 2018,0.0,0.849,0.151,"The #RoyalWedding is finally here, and you're invited! Join @CBSThisMorning‚Äôs @GayleKing and @etnow‚Äôs @KevinFrazier‚Ä¶ https://t.co/Q5xiRkXLUz",49,CBS
0.7177,Thu May 17 23:44:27 +0000 2018,0.0,0.739,0.261,When the @LifeInPiecesCBS season finale is back-to-back episodes. üëè Get ready for double the laughs at 9/8c! https://t.co/SYW5UzXobv,50,CBS
0.1867,Thu May 17 21:19:59 +0000 2018,0.0,0.907,0.093,Rules were made to be broken.üí• Don't miss the heart-pounding season finale of @swatcbs TONIGHT at 10/9c! https://t.co/NXLbeIrvcp,51,CBS
0.0,Thu May 17 19:12:51 +0000 2018,0.0,1.0,0.0,"Is it fall yet? Check out the first looks at our new fall shows and stars from the CBS Upfront!

https://t.co/l7GQVRzRFw",52,CBS
0.5562,Thu May 17 13:00:00 +0000 2018,0.0,0.854,0.146,How many shows can you binge in a month? Find out with a 1 month free trial of CBS All Access! Use code STREAMITALL‚Ä¶ https://t.co/yccQppCaxC,53,CBS
0.75,Thu May 17 00:00:00 +0000 2018,0.0,0.758,0.242,"Save the dates! The CBS Fall lineup is here, and we're welcoming six new shows in addition to returning hits. Which‚Ä¶ https://t.co/f9PSQfpHL7",54,CBS
0.5574,Wed May 16 22:56:24 +0000 2018,0.0,0.841,0.159,What happens when the friendliest guy in the Midwest moves his family next door to a not-so-friendly new LA neighbo‚Ä¶ https://t.co/KtEoNE3deL,55,CBS
0.3802,Wed May 16 22:56:24 +0000 2018,0.0,0.89,0.11,"When @MurphyBrownCBS returns to the news world, things sure won't be what they used to be! The revival of the groun‚Ä¶ https://t.co/jJcgyqyDxL",56,CBS
0.34,Wed May 16 22:56:23 +0000 2018,0.0,0.888,0.112,"When decorated former Navy SEAL Thomas Magnum returns home to Hawaii, he embarks on a new mission: solving cases in‚Ä¶ https://t.co/6n2MWY3c2f",57,CBS
0.5859,Wed May 16 22:56:23 +0000 2018,0.0,0.826,0.174,The ordinary turns extraordinary for this suburban couple when an exuberant young pop star unexpectedly moves in wi‚Ä¶ https://t.co/9xaAUSm5nm,58,CBS
0.8398,Wed May 16 22:56:23 +0000 2018,0.0,0.6,0.4,An outspoken atheist's life takes a surprising turn when he accepts a social media friend request from God! Watch w‚Ä¶ https://t.co/EbVbL0SNDk,59,CBS
-0.4588,Wed May 16 22:56:23 +0000 2018,0.26,0.577,0.163,"When danger threatens the nation, these elite agents risk their lives to keep it safe. Join them on the case when n‚Ä¶ https://t.co/LuSY0jXBf9",60,CBS
0.0,Wed May 16 22:56:22 +0000 2018,0.0,1.0,0.0,Meet the new shows coming to CBS this fall!,61,CBS
0.7777,Wed May 16 21:46:07 +0000 2018,0.0,0.772,0.228,So much TV to love! ‚ù§Ô∏è Be sure to follow the shows of the CBS 2018-2019 primetime lineup and stay up-to-date on the‚Ä¶ https://t.co/lQwGtznj5i,62,CBS
0.296,Wed May 16 18:05:27 +0000 2018,0.0,0.905,0.095,"Every mission leaves its mark. Join us in the final mission to avenge Echo Team's deaths, tonight at 9/8c during th‚Ä¶ https://t.co/SlfprTVDgD",63,CBS
0.6369,Wed May 16 13:52:57 +0000 2018,0.0,0.766,0.234,"Get ready for three new comedies, five new dramas and the return of the critically acclaimed @MurphyBrownCBS. Here'‚Ä¶ https://t.co/alHwUTRFKh",64,CBS
0.46,Wed May 16 13:24:14 +0000 2018,0.0,0.857,0.143,"RT @happytogether: When an international pop star moves into your house, life gets a little more interesting! @wayansjr, @AmberoniStevens a‚Ä¶",65,CBS
0.8122,Wed May 16 13:23:26 +0000 2018,0.0,0.67,0.33,"RT @TheNeighborhood: You can‚Äôt pick your neighbors, but Calvin sure wishes he could! @CedEntertainer stars in the new comedy #TheNeighborho‚Ä¶",66,CBS
-0.2057,Tue May 15 20:16:38 +0000 2018,0.109,0.821,0.07,Tonight's the night - Agent Dwayne Pride's fate will be revealed. Don't miss the special two-hour season finale of‚Ä¶ https://t.co/52amkSiNcA,67,CBS
0.4199,Mon May 14 20:59:11 +0000 2018,0.0,0.859,0.141,"Donuts down, hands up! Get ready for a dramatic turn on the finale of @SuperiorDonuts TONIGHT at 9/8c. üç©https://t.co/f5VSqOlRYu",68,CBS
0.0,Mon May 14 18:17:23 +0000 2018,0.0,1.0,0.0,"RT @MagnumPICBS: Thomas Magnum is back on the case! @jay_hernandez stars in #MagnumPI, coming to #CBS. https://t.co/R1aURqMawD",69,CBS
0.4939,Mon May 14 18:16:12 +0000 2018,0.0,0.856,0.144,"RT @GodFriendedMe: You never know who's going to send you a friend request. #GodFriendedMe, the new drama series starring @hall_m_brandon a‚Ä¶",70,CBS
-0.3612,Mon May 14 18:15:36 +0000 2018,0.122,0.878,0.0,RT @TheRedLineCBS: Three Chicago families‚Äô lives converge in the wake of a mistaken shooting. From acclaimed producers @ava and @GBerlanti‚Ä¶,71,CBS
0.6476,Mon May 14 18:15:08 +0000 2018,0.082,0.674,0.243,"RT @FamCBS: No family is perfect, especially this #FAM! @ninadobrev, @toneBell and @odessaadlon star in the new #CBS comedy #FAM. https://t‚Ä¶",72,CBS
0.9081,Mon May 14 18:14:46 +0000 2018,0.0,0.592,0.408,"RT @TheCodeCBS: Their code is honor, courage and commitment. They pursue military justice at home and abroad. #TheCode coming to #CBS. http‚Ä¶",73,CBS
-0.762,Mon May 14 18:14:22 +0000 2018,0.303,0.586,0.111,RT @FBICBS: Meet the FBI agents who are investigating the most dangerous cases threatening our nation. From Emmy Winner Dick Wolf and the t‚Ä¶,74,CBS
0.3612,Mon May 14 18:13:58 +0000 2018,0.0,0.8,0.2,RT @MurphyBrownCBS: The ground-breaking comedy returns. #MurphyBrown coming to #CBS. https://t.co/di8GXoVPjh,75,CBS
-0.34,Mon May 14 14:42:00 +0000 2018,0.264,0.604,0.132,RT @StrangeAngel: Play with fire. üî• #StrangeAngel launches June 14 on #CBSAllAccess. https://t.co/xiFSkVz1vB https://t.co/Aw3kGeHyj4,76,CBS
0.7351,Sun May 13 13:16:14 +0000 2018,0.0,0.733,0.267,"Happy #MothersDay to the moms who comfort us, understand us, and keep us centered. We ‚ù§Ô∏è you. https://t.co/4YDmZrTGIC",77,CBS
0.7245,Fri May 11 23:00:40 +0000 2018,0.0,0.748,0.252,The more the merrier! CBS has ordered five more shows that just might become your new favorites next season:‚Ä¶ https://t.co/2g5OSj2xPu,78,CBS
0.128,Fri May 11 20:55:08 +0000 2018,0.09,0.791,0.119,Thinking about the @BlueBloods_CBS season finale like‚Ä¶ Don‚Äôt miss the surprising reveal TONIGHT at 10/9c. https://t.co/8ExkPFpnFj,79,CBS
0.7263,Thu May 10 23:11:17 +0000 2018,0.0,0.747,0.253,"Double the @MomCBS, double the fun! Anyone else feel like they hit the jackpot with the back-to-back Season Finale‚Ä¶ https://t.co/ebq8WJLKGf",80,CBS
-0.0772,Thu May 10 19:24:10 +0000 2018,0.085,0.847,0.069,"2 suitors, 1 Meemaw and 1 Sheldon. You won‚Äôt want to miss the season finale of @YoungSheldon tonight at 8:30/7:30c. https://t.co/Hht2yRE7ly",81,CBS
0.6588,Thu May 10 18:03:26 +0000 2018,0.0,0.722,0.278,Broadway's Biggest Night is around the corner! Who are you hoping to see? #TonyAwards2018 ‚ú® https://t.co/KLT8QCxWcK,82,CBS
0.3182,Thu May 10 15:30:40 +0000 2018,0.0,0.905,0.095,"The big day is finally here, and you‚Äôre invited. üë∞ Make sure to tune in to the @bigbangtheory‚Äôs star-studded #ShAmy‚Ä¶ https://t.co/la9E6tvQ5b",83,CBS
0.8176,Wed May 09 21:35:00 +0000 2018,0.0,0.667,0.333,"Before the #ShAmy wedding tomorrow, the @bigbangtheory stars &amp; special guests play a game of ""yay or nay"" with thes‚Ä¶ https://t.co/ZpCM16qOyT",84,CBS
0.8395,Wed May 09 19:36:24 +0000 2018,0.0,0.609,0.391,Get ready for more laughs! Learn more about the two new comedies coming to CBS: https://t.co/cpT3fd2RH5 https://t.co/NGrcp803zW,85,CBS
-0.4599,Tue May 08 22:26:55 +0000 2018,0.2,0.8,0.0,"Goodbyes are never easy.  After 15 seasons, don‚Äôt miss Abby‚Äôs final episode of @NCIS_CBS tonight at 8/7c.  https://t.co/GTGj2YRJA1",86,CBS
0.4574,Tue May 08 19:55:32 +0000 2018,0.0,0.85,0.15,Will you be watching the @BullCBS Season 2 Finale tonight at 9/8c? RT if your answer is yes! https://t.co/OxnyEDVsKj,87,CBS
0.6597,Tue May 08 17:18:20 +0000 2018,0.075,0.683,0.242,RT @thegoodfight: Listening to #QueenBaranski read fan tweets is like poetry. üòç Warning: this video will give you ALL the feels. ‚ò∫Ô∏è‚ù§Ô∏è #TheG‚Ä¶,88,CBS
0.0,Mon May 07 17:50:20 +0000 2018,0.0,1.0,0.0,"RT @KevinCanWaitCBS: Season 2 of #KevinCanWait comes to a close tonight, and @KevinJames and @LeahRemini have A LOT to say about it. https:‚Ä¶",89,CBS
0.5093,Fri May 04 21:00:00 +0000 2018,0.0,0.87,0.13,Spend your Friday night with this dynamic duo! Tune in to the season finale of @MacGyverCBS at 8/7c on CBS and CBS‚Ä¶ https://t.co/AfWUVo4GSu,90,CBS
0.6996,Fri May 04 18:42:12 +0000 2018,0.0,0.775,0.225,RT @undercover_cbs: Get ready for the series premiere of #CelebrityBoss in just seven days! How would you react if your favorite celebrity‚Ä¶,91,CBS
0.5562,Fri May 04 14:48:42 +0000 2018,0.0,0.736,0.264,The force is strong on the set of @bigbangtheory! #MayThe4thBeWithYou https://t.co/uYyXKtuVCM,92,CBS
0.0,Wed May 02 19:04:01 +0000 2018,0.0,1.0,0.0,RT @thegoodfight: The fight's not over yet. #TheGoodFight is renewed for Season 3. https://t.co/gUrDeA5KQP,93,CBS
0.0,Tue May 01 23:10:50 +0000 2018,0.0,1.0,0.0,RT @TKOCBS: Both @hwventure and @janemun have been named Executive Producers and showrunners of #TKO: TOTAL KNOCK OUT! Learn more about the‚Ä¶,94,CBS
0.0,Tue May 01 17:58:51 +0000 2018,0.0,1.0,0.0,"RT @StrangeAngel: Sex. Magick. Rocket Science. #StrangeAngel launches June 14, only on CBS All Access. https://t.co/I3sqWMASxl https://t.co‚Ä¶",95,CBS
0.8268,Tue May 01 15:16:28 +0000 2018,0.0,0.701,0.299,"Broadway's Biggest Night will honor the best in theatre on Sunday, June 10! Here are the nominees for the‚Ä¶ https://t.co/tCiNaLGIvq",96,CBS
0.8777,Mon Apr 30 22:54:18 +0000 2018,0.0,0.627,0.373,We congratulate all of our CBS #DaytimeEmmy Award winners! Check out the stars who joined @TheTalkCBS hosts to cele‚Ä¶ https://t.co/JfUFINmYGH,97,CBS
0.0,Mon Apr 30 13:28:01 +0000 2018,0.0,1.0,0.0,RT @KevinJames: Getting the band back together @AdamSandler @chrisrock @MikeDelguidice1 @KevinCanWaitCBS #KevinCanWait https://t.co/Mo5EWck‚Ä¶,98,CBS
0.3818,Mon Apr 30 02:22:08 +0000 2018,0.0,0.86,0.14,See all of the stunning fashion looks from the @CBSDaytime stars on the #DaytimeEmmys red carpet:‚Ä¶ https://t.co/iJN1ssGPvZ,99,CBS
0.8356,Sun Apr 29 15:30:00 +0000 2018,0.0,0.67,0.33,The 45th annual #DaytimeEmmys are here! Congratulations to all of the wonderful @CBSDaytime stars and shows nominat‚Ä¶ https://t.co/xZhDSYnxL6,100,CBS
-0.6901,Sun Jun 10 00:03:12 +0000 2018,0.262,0.738,0.0,"President Trump calls Canadian Prime Minister Justin Trudeau ""very dishonest and weak,"" accusing him of making ""fal‚Ä¶ https://t.co/fj0JucTrXy",1,CNN
0.6124,Sun Jun 10 00:00:04 +0000 2018,0.0,0.762,0.238,"Does a pharmacy have an obligation to help a patient be sure that insurance will cover a prescription?

That's the‚Ä¶ https://t.co/luJqdfSzRj",2,CNN
-0.5994,Sat Jun 09 23:30:13 +0000 2018,0.151,0.849,0.0,Construction workers in the UK have found wads of cash dating back to World War II at a shop that once belonged to‚Ä¶ https://t.co/wYZnzHjRli,3,CNN
-0.296,Sat Jun 09 23:00:05 +0000 2018,0.176,0.824,0.0,"Charles Krauthammer, the famed conservative columnist, informed readers that he is confronting an aggressive form o‚Ä¶ https://t.co/xEzj6dMTcl",4,CNN
0.8176,Sat Jun 09 22:58:33 +0000 2018,0.0,0.681,0.319,BREAKING: Justify wins the 150th running of the Belmont Stakes to win horse racing‚Äôs 13th Triple Crown https://t.co/TUE8Wwe8FS,5,CNN
0.765,Sat Jun 09 22:30:05 +0000 2018,0.145,0.526,0.329,The race to save the Great Barrier Reef? A coral fertility treatment designed to help damaged parts of the reef is‚Ä¶ https://t.co/3nTj0nA5h9,6,CNN
0.5859,Sat Jun 09 22:15:00 +0000 2018,0.074,0.703,0.223,"Tyler Soloman wiped tears of joy off his face after his father, who'd been deployed overseas, surprised Tyler by sh‚Ä¶ https://t.co/8rub7aG2Ej",7,CNN
-0.6486,Sat Jun 09 22:00:13 +0000 2018,0.218,0.782,0.0,News of Anthony Bourdain‚Äôs death shook people around the world. We asked for your stories of how this gifted storyt‚Ä¶ https://t.co/YYJPIxu1zN,8,CNN
0.2732,Sat Jun 09 21:53:00 +0000 2018,0.0,0.9,0.1,"First responders in Russellville, Arkansas, went above and beyond the call of duty to surprise a teen with autism a‚Ä¶ https://t.co/h96qLLu7qu",9,CNN
-0.5574,Sat Jun 09 21:45:05 +0000 2018,0.159,0.841,0.0,"Danny Kirwan, a guitarist who appeared on five of Fleetwood Mac's albums, died in London on Friday, according to th‚Ä¶ https://t.co/KUwHtJ6ins",10,CNN
-0.296,Sat Jun 09 21:37:48 +0000 2018,0.115,0.885,0.0,JUST IN: Canadian Prime Minister Justin Trudeau says he will impose retaliatory measures to answer President Trump'‚Ä¶ https://t.co/AiVDwmzMvV,11,CNN
0.5927,Sat Jun 09 21:10:05 +0000 2018,0.0,0.815,0.185,"Her rare skin condition keeps her indoors, but she braved the sun to walk at graduation https://t.co/ZkdCAXZwUE https://t.co/k6YeRZ6lI0",12,CNN
-0.1027,Sat Jun 09 21:00:06 +0000 2018,0.072,0.928,0.0,An internal Census Bureau memo sent to Commerce Secretary Wilbur Ross warns that adding a citizenship question to t‚Ä¶ https://t.co/0AZC4nYfN2,13,CNN
0.0,Sat Jun 09 20:50:07 +0000 2018,0.0,1.0,0.0,Secretary of State Mike Pompeo reiterated US calls for North Korea to completely rid itself of all remnants of its‚Ä¶ https://t.co/3RxJpEMn3K,14,CNN
-0.4767,Sat Jun 09 20:40:09 +0000 2018,0.154,0.846,0.0,Syracuse University has suspended 15 members of a professional fraternity after they appeared in videos that the sc‚Ä¶ https://t.co/X6Bs6DkczE,15,CNN
0.0,Sat Jun 09 20:30:08 +0000 2018,0.0,1.0,0.0,Porsche's first electric car will be called the Taycan https://t.co/Wxy5sh45nm https://t.co/3m7qXCcg2J,16,CNN
0.6705,Sat Jun 09 20:20:24 +0000 2018,0.085,0.618,0.297,"There was nobody like Anthony Bourdain, and there was no show like #PartsUnknown. CNN pays tribute with a special n‚Ä¶ https://t.co/9TgJMgP7Kc",17,CNN
0.6486,Sat Jun 09 20:10:07 +0000 2018,0.0,0.762,0.238,"President Trump says his relationships with other Western leaders are perfect, but the truth is the transatlantic a‚Ä¶ https://t.co/o0UsVXeClf",18,CNN
0.0,Sat Jun 09 20:00:09 +0000 2018,0.0,1.0,0.0,"Prince Harry and Meghan, Duchess of Sussex, joined celebrations of Queen Elizabeth II's official birthday with the‚Ä¶ https://t.co/c6kvYJ2vwn",19,CNN
0.539,Sat Jun 09 19:50:34 +0000 2018,0.0,0.852,0.148,President Trump on the upcoming North Korea meeting: ‚ÄúI really feel confident. I feel that Kim Jong Un wants to do‚Ä¶ https://t.co/9jM2GjrhxU,20,CNN
-0.6901,Sun Jun 10 00:03:12 +0000 2018,0.262,0.738,0.0,"President Trump calls Canadian Prime Minister Justin Trudeau ""very dishonest and weak,"" accusing him of making ""fal‚Ä¶ https://t.co/fj0JucTrXy",21,CNN
0.6124,Sun Jun 10 00:00:04 +0000 2018,0.0,0.762,0.238,"Does a pharmacy have an obligation to help a patient be sure that insurance will cover a prescription?

That's the‚Ä¶ https://t.co/luJqdfSzRj",22,CNN
-0.5994,Sat Jun 09 23:30:13 +0000 2018,0.151,0.849,0.0,Construction workers in the UK have found wads of cash dating back to World War II at a shop that once belonged to‚Ä¶ https://t.co/wYZnzHjRli,23,CNN
-0.296,Sat Jun 09 23:00:05 +0000 2018,0.176,0.824,0.0,"Charles Krauthammer, the famed conservative columnist, informed readers that he is confronting an aggressive form o‚Ä¶ https://t.co/xEzj6dMTcl",24,CNN
0.8176,Sat Jun 09 22:58:33 +0000 2018,0.0,0.681,0.319,BREAKING: Justify wins the 150th running of the Belmont Stakes to win horse racing‚Äôs 13th Triple Crown https://t.co/TUE8Wwe8FS,25,CNN
0.765,Sat Jun 09 22:30:05 +0000 2018,0.145,0.526,0.329,The race to save the Great Barrier Reef? A coral fertility treatment designed to help damaged parts of the reef is‚Ä¶ https://t.co/3nTj0nA5h9,26,CNN
0.5859,Sat Jun 09 22:15:00 +0000 2018,0.074,0.703,0.223,"Tyler Soloman wiped tears of joy off his face after his father, who'd been deployed overseas, surprised Tyler by sh‚Ä¶ https://t.co/8rub7aG2Ej",27,CNN
-0.6486,Sat Jun 09 22:00:13 +0000 2018,0.218,0.782,0.0,News of Anthony Bourdain‚Äôs death shook people around the world. We asked for your stories of how this gifted storyt‚Ä¶ https://t.co/YYJPIxu1zN,28,CNN
0.2732,Sat Jun 09 21:53:00 +0000 2018,0.0,0.9,0.1,"First responders in Russellville, Arkansas, went above and beyond the call of duty to surprise a teen with autism a‚Ä¶ https://t.co/h96qLLu7qu",29,CNN
-0.5574,Sat Jun 09 21:45:05 +0000 2018,0.159,0.841,0.0,"Danny Kirwan, a guitarist who appeared on five of Fleetwood Mac's albums, died in London on Friday, according to th‚Ä¶ https://t.co/KUwHtJ6ins",30,CNN
-0.296,Sat Jun 09 21:37:48 +0000 2018,0.115,0.885,0.0,JUST IN: Canadian Prime Minister Justin Trudeau says he will impose retaliatory measures to answer President Trump'‚Ä¶ https://t.co/AiVDwmzMvV,31,CNN
0.5927,Sat Jun 09 21:10:05 +0000 2018,0.0,0.815,0.185,"Her rare skin condition keeps her indoors, but she braved the sun to walk at graduation https://t.co/ZkdCAXZwUE https://t.co/k6YeRZ6lI0",32,CNN
-0.1027,Sat Jun 09 21:00:06 +0000 2018,0.072,0.928,0.0,An internal Census Bureau memo sent to Commerce Secretary Wilbur Ross warns that adding a citizenship question to t‚Ä¶ https://t.co/0AZC4nYfN2,33,CNN
0.0,Sat Jun 09 20:50:07 +0000 2018,0.0,1.0,0.0,Secretary of State Mike Pompeo reiterated US calls for North Korea to completely rid itself of all remnants of its‚Ä¶ https://t.co/3RxJpEMn3K,34,CNN
-0.4767,Sat Jun 09 20:40:09 +0000 2018,0.154,0.846,0.0,Syracuse University has suspended 15 members of a professional fraternity after they appeared in videos that the sc‚Ä¶ https://t.co/X6Bs6DkczE,35,CNN
0.0,Sat Jun 09 20:30:08 +0000 2018,0.0,1.0,0.0,Porsche's first electric car will be called the Taycan https://t.co/Wxy5sh45nm https://t.co/3m7qXCcg2J,36,CNN
0.6705,Sat Jun 09 20:20:24 +0000 2018,0.085,0.618,0.297,"There was nobody like Anthony Bourdain, and there was no show like #PartsUnknown. CNN pays tribute with a special n‚Ä¶ https://t.co/9TgJMgP7Kc",37,CNN
0.6486,Sat Jun 09 20:10:07 +0000 2018,0.0,0.762,0.238,"President Trump says his relationships with other Western leaders are perfect, but the truth is the transatlantic a‚Ä¶ https://t.co/o0UsVXeClf",38,CNN
0.0,Sat Jun 09 20:00:09 +0000 2018,0.0,1.0,0.0,"Prince Harry and Meghan, Duchess of Sussex, joined celebrations of Queen Elizabeth II's official birthday with the‚Ä¶ https://t.co/c6kvYJ2vwn",39,CNN
0.539,Sat Jun 09 19:50:34 +0000 2018,0.0,0.852,0.148,President Trump on the upcoming North Korea meeting: ‚ÄúI really feel confident. I feel that Kim Jong Un wants to do‚Ä¶ https://t.co/9jM2GjrhxU,40,CNN
0.5859,Sat Jun 09 19:40:00 +0000 2018,0.0,0.847,0.153,"One step on the island of Bermuda, and it's impossible not to be moved by its beauty, history, simplicity and charm‚Ä¶ https://t.co/EOxmxM76Kk",41,CNN
0.3612,Sat Jun 09 19:30:00 +0000 2018,0.0,0.878,0.122,"Will we ever fly like the Jetsons? This company just unveiled its first commercial flying car, Flyer ‚Äî and‚Ä¶ https://t.co/bZV351RYJz",42,CNN
-0.7269,Sat Jun 09 19:20:09 +0000 2018,0.319,0.681,0.0,A man in Texas nearly died after the severed head of a rattlesnake bit him https://t.co/bqHnciUgf3 https://t.co/NmnJLHs3Hz,43,CNN
-0.6486,Sat Jun 09 19:17:02 +0000 2018,0.218,0.782,0.0,News of Anthony Bourdain‚Äôs death shook people around the world. We asked for your stories of how this gifted storyt‚Ä¶ https://t.co/lzZyRpT9Co,44,CNN
-0.7506,Sat Jun 09 19:10:07 +0000 2018,0.274,0.726,0.0,"Authorities have found the remains of a woman killed by an alligator in Davie, Florida. The woman disappeared Frida‚Ä¶ https://t.co/MlDdA6jk5h",45,CNN
0.0,Sat Jun 09 19:00:08 +0000 2018,0.0,1.0,0.0,The small (but not insignificant) ways Anthony Bourdain made a difference in the lives of some everyday people‚Ä¶ https://t.co/TMK8f9nYfC,46,CNN
0.3291,Sat Jun 09 18:50:01 +0000 2018,0.0,0.907,0.093,"In the history of horse racing, only 12 horses have ever won the fabled Triple Crown. But why is this trophy so dif‚Ä¶ https://t.co/gDu0o6AgPX",47,CNN
0.0,Sat Jun 09 18:40:00 +0000 2018,0.0,1.0,0.0,"President Trump, while making remarks at the G7 summit, says he has not spoken to Vladimir Putin in ""quite a while,‚Ä¶ https://t.co/4qmAImsiL4",48,CNN
0.0,Sat Jun 09 18:30:14 +0000 2018,0.0,1.0,0.0,This computer can do more calculations per second than the world's population could do in a year‚Ä¶ https://t.co/wqlDQvYF3L,49,CNN
0.4215,Sat Jun 09 18:20:06 +0000 2018,0.0,0.882,0.118,"At the G7 meeting, President Trump called for an end to tariffs and scolded other countries for using the United St‚Ä¶ https://t.co/KG7SFGii09",50,CNN
0.4215,Sat Jun 09 18:10:00 +0000 2018,0.0,0.781,0.219,BlackBerry still hopes its keyboard keeps fans coming back https://t.co/AodQi1CBVV https://t.co/8KbIHW3k74,51,CNN
0.765,Sat Jun 09 18:00:06 +0000 2018,0.145,0.526,0.329,The race to save the Great Barrier Reef? A coral fertility treatment designed to help damaged parts of the reef is‚Ä¶ https://t.co/MD6vhMxOh8,52,CNN
0.0,Sat Jun 09 17:50:06 +0000 2018,0.0,1.0,0.0,"What is a tariff? Your trade questions, answered https://t.co/AIJVEEOzHM https://t.co/HT5UJDzzjl",53,CNN
0.0,Sat Jun 09 17:40:05 +0000 2018,0.0,1.0,0.0,A Sikh soldier wore a turban in Queen Elizabeth ll's official birthday parade https://t.co/LK0fihnFB2 https://t.co/142baFgcVA,54,CNN
0.0,Sat Jun 09 17:27:05 +0000 2018,0.0,1.0,0.0,A former diplomat at the Vatican Embassy in Washington has been indicted by a Vatican court for possession of child‚Ä¶ https://t.co/CSRKlOzeg8,55,CNN
0.2732,Sat Jun 09 17:18:43 +0000 2018,0.221,0.514,0.265,Simona Halep wins first grand slam title by beating Sloane Stephens at the French Open https://t.co/0tMJbvB40e https://t.co/s3YRroOgXu,56,CNN
-0.4019,Sat Jun 09 16:59:35 +0000 2018,0.119,0.881,0.0,President Trump doubles down on his call for Russia to be readmitted into the G7 and blames former President Obama‚Ä¶ https://t.co/3zkWB92wwY,57,CNN
-0.7506,Sat Jun 09 16:47:11 +0000 2018,0.33,0.67,0.0,The Trump administration's latest attack on Obamacare would gut protections for the sick https://t.co/ikBcCkGeAT https://t.co/ehXI4vF0vc,58,CNN
-0.5994,Sat Jun 09 16:36:04 +0000 2018,0.151,0.849,0.0,Construction workers in the UK have found wads of cash dating back to World War II at a shop that once belonged to‚Ä¶ https://t.co/Zuo9XcYf9a,59,CNN
0.4404,Sat Jun 09 16:26:06 +0000 2018,0.0,0.868,0.132,"Anthony Bourdain's fans turned the restaurant where he shot to fame as a chef into a memorial, leaving roses and no‚Ä¶ https://t.co/5fg9y1cERL",60,CNN
0.7717,Sat Jun 09 16:14:06 +0000 2018,0.0,0.749,0.251,"Hall of Fame trainer Bob Baffert, who is looking to make history with a win today at the Belmont Stakes, compares h‚Ä¶ https://t.co/sUsVNh98tA",61,CNN
0.0,Sat Jun 09 16:00:03 +0000 2018,0.0,1.0,0.0,"The week began with news of Trump canceling the Philadelphia Eagles' visit to the White House, and ended with news‚Ä¶ https://t.co/H1ILtBxF1W",62,CNN
0.2023,Sat Jun 09 15:50:29 +0000 2018,0.0,0.913,0.087,Illinois Republicans in Congress are making an urgent plea to President Trump: Don't let Rod Blagojevich off the ho‚Ä¶ https://t.co/L4UPCaV1kD,63,CNN
0.1779,Sat Jun 09 15:38:05 +0000 2018,0.097,0.773,0.13,Former Trump campaign chairman Paul Manafort and his attorneys struck back at special counsel Robert Mueller's char‚Ä¶ https://t.co/m4eIhVUiWL,64,CNN
-0.296,Sat Jun 09 15:27:34 +0000 2018,0.176,0.824,0.0,"Charles Krauthammer, the famed conservative columnist, informed readers that he is confronting an aggressive form o‚Ä¶ https://t.co/7vTbQ8M6D8",65,CNN
0.0,Sat Jun 09 15:13:56 +0000 2018,0.0,1.0,0.0,"Prince Harry and Meghan, Duchess of Sussex, joined celebrations of Queen Elizabeth II's official birthday with the‚Ä¶ https://t.co/UkiwKzYsxC",66,CNN
-0.4585,Sat Jun 09 14:57:06 +0000 2018,0.187,0.813,0.0,Republicans haven't won statewide in Virginia since 2009. Tuesday's Senate primary shows why:‚Ä¶ https://t.co/xkWpPfkUCE,67,CNN
-0.0772,Sat Jun 09 14:43:08 +0000 2018,0.067,0.933,0.0,President Trump says he thinks he‚Äôll know ‚Äúwithin the first minute‚Äù if North Korea is serious about peace‚Ä¶ https://t.co/kRdFefn4fN,68,CNN
0.6597,Sat Jun 09 14:36:51 +0000 2018,0.0,0.822,0.178,"RT @CNNPolitics: Trump: ""I think it would be asset to have Russia back in. I think it would be good for the world. I think it would be good‚Ä¶",69,CNN
0.2732,Sat Jun 09 14:30:03 +0000 2018,0.0,0.884,0.116,"""Consumer Financial Protection Bureau acting director Mick Mulvaney has ousted a committed group of experts who vol‚Ä¶ https://t.co/l36frkFEtw",70,CNN
0.539,Sat Jun 09 14:24:10 +0000 2018,0.0,0.852,0.148,President Trump on the upcoming North Korea meeting: ‚ÄúI really feel confident. I feel that Kim Jong Un wants to do‚Ä¶ https://t.co/D0Fi57k3zj,71,CNN
-0.3412,Sat Jun 09 14:20:07 +0000 2018,0.211,0.789,0.0,Things don't look good for Dodge and Chrysler https://t.co/twYdKzCpZ4 https://t.co/9aKZvGnuQG,72,CNN
0.5574,Sat Jun 09 14:18:20 +0000 2018,0.0,0.813,0.187,"President Trump: Trade was ""at the top of the list"" at G7 discussions because ""the United States has been taken adv‚Ä¶ https://t.co/u6247HzPsj",73,CNN
0.0,Sat Jun 09 14:16:21 +0000 2018,0.0,1.0,0.0,President Trump is speaking at the G7 before heading to Singapore for the summit with Kim Jong Un. Watch live on CN‚Ä¶ https://t.co/dNYLQOvVEk,74,CNN
0.0,Sat Jun 09 14:09:49 +0000 2018,0.0,1.0,0.0,President Trump is planning to depart the G7 ahead of climate change talks https://t.co/bfFqMKTIrg https://t.co/6PkzSs4guA,75,CNN
0.34,Sat Jun 09 14:01:04 +0000 2018,0.0,0.888,0.112,Former President Obama says he‚Äôll always remember the meal he shared with Anthony Bourdain in Vietnam: ‚ÄúHe taught u‚Ä¶ https://t.co/XI67jcoy55,76,CNN
-0.3818,Sat Jun 09 13:46:07 +0000 2018,0.167,0.833,0.0,President Trump's tariffs on steel and aluminum threaten America's booming RV industry https://t.co/FxOEFN6Sx2 https://t.co/zpDj0uGxRI,77,CNN
0.0,Sat Jun 09 13:31:03 +0000 2018,0.0,1.0,0.0,"What is a tariff? Your trade questions, answered https://t.co/8Fylq20zXj https://t.co/pSfQJhAnZR",78,CNN
0.5719,Sat Jun 09 13:26:05 +0000 2018,0.0,0.829,0.171,The Duke and Duchess of Sussex celebrate Queen Elizabeth II's official birthday with the traditional Trooping the C‚Ä¶ https://t.co/L2o8IJcNej,79,CNN
0.5859,Sat Jun 09 13:16:00 +0000 2018,0.0,0.847,0.153,"One step on the island of Bermuda, and it's impossible not to be moved by its beauty, history, simplicity and charm‚Ä¶ https://t.co/mPpGOqifbk",80,CNN
0.0,Sat Jun 09 13:01:05 +0000 2018,0.0,1.0,0.0,"As the millions of US children diagnosed with ADHD move into adulthood, more and more are wondering whether to cont‚Ä¶ https://t.co/Qs5xlj8fwK",81,CNN
0.0,Sat Jun 09 12:53:19 +0000 2018,0.119,0.763,0.119,"Fans around the world mourn chef and storyteller Anthony Bourdain, sharing memories of how his travels, food and co‚Ä¶ https://t.co/jiW8HhY9ia",82,CNN
0.6124,Sat Jun 09 12:46:08 +0000 2018,0.0,0.762,0.238,"Does a pharmacy have an obligation to help a patient be sure that insurance will cover a prescription?

That's the‚Ä¶ https://t.co/2Jxsnx7cI0",83,CNN
0.3818,Sat Jun 09 12:31:06 +0000 2018,0.0,0.698,0.302,Twitter has had a stunning turnaround https://t.co/hzutT84IrC https://t.co/AK7R50K5mh,84,CNN
0.4939,Sat Jun 09 12:16:00 +0000 2018,0.0,0.856,0.144,IHOP says it's changing name to IHOb. Many major companies also have rebranded ‚Äî some successfully and some not so‚Ä¶ https://t.co/Xz5NjtpaqH,85,CNN
0.4576,Sat Jun 09 12:01:03 +0000 2018,0.0,0.786,0.214,Mars is suddenly more interesting | By Jonathan Lunine via @CNNOpinion https://t.co/EA2ETHIldR https://t.co/fgmZax7nwV,86,CNN
-0.5994,Sat Jun 09 11:52:04 +0000 2018,0.151,0.849,0.0,Construction workers in the UK have found wads of cash dating back to World War II at a shop that once belonged to‚Ä¶ https://t.co/TYdsjSziK7,87,CNN
0.0,Sat Jun 09 11:46:00 +0000 2018,0.0,1.0,0.0,"During her commencement address to the MIT Class of 2018, Facebook COO Sheryl Sandberg spoke candidly about Faceboo‚Ä¶ https://t.co/hznkJTzAPH",88,CNN
-0.296,Sat Jun 09 11:31:05 +0000 2018,0.176,0.824,0.0,"Charles Krauthammer, the famed conservative columnist, informed readers that he is confronting an aggressive form o‚Ä¶ https://t.co/H6R3LykoER",89,CNN
0.3612,Sat Jun 09 11:16:00 +0000 2018,0.0,0.878,0.122,"Will we ever fly like the Jetsons? This company just unveiled its first commercial flying car, Flyer ‚Äî and‚Ä¶ https://t.co/uRJsH7yPmG",90,CNN
0.765,Sat Jun 09 11:01:06 +0000 2018,0.145,0.526,0.329,The race to save the Great Barrier Reef? A coral fertility treatment designed to help damaged parts of the reef is‚Ä¶ https://t.co/AGpnS1dn0C,91,CNN
-0.4588,Sat Jun 09 10:31:49 +0000 2018,0.143,0.857,0.0,"Organizers of a fashion show in Saudi Arabia used drones to display female clothes, drawing ridicule on social medi‚Ä¶ https://t.co/cgo5HTjIJd",92,CNN
0.0,Sat Jun 09 10:16:00 +0000 2018,0.0,1.0,0.0,"From delivery to aviation, Dubai is at the forefront of drone experimentation. Here's a look at what the future hol‚Ä¶ https://t.co/IZMve8IRLb",93,CNN
0.0,Sat Jun 09 10:01:03 +0000 2018,0.0,1.0,0.0,Are windowless planes the future of travel? https://t.co/Fjc2m6WgtG https://t.co/ux29QpKXWA,94,CNN
0.0,Sat Jun 09 09:31:04 +0000 2018,0.0,1.0,0.0,"Hurricanes and tropical storms are moving more slowly around the planet, resulting in higher rainfall and more extr‚Ä¶ https://t.co/8qyqjq9IGd",95,CNN
0.4019,Sat Jun 09 09:29:10 +0000 2018,0.0,0.87,0.13,"The Afghan Taliban called for a three-day ceasefire with Afghan forces over the Eid al-Fitr holiday, a move that fo‚Ä¶ https://t.co/BLmTAtjmRg",96,CNN
0.5859,Sat Jun 09 09:16:00 +0000 2018,0.074,0.703,0.223,"Tyler Soloman wiped tears of joy off his face after his father, who'd been deployed overseas, surprised Tyler by sh‚Ä¶ https://t.co/uzD0GNZH2P",97,CNN
0.0,Sat Jun 09 09:01:21 +0000 2018,0.0,1.0,0.0,"Penguins, Seals, and Krill: Antarctica's fragile food chain | via @CNNVR https://t.co/1BBRFfOzWk https://t.co/G46D0CB0wY",98,CNN
0.0,Sat Jun 09 08:31:08 +0000 2018,0.0,1.0,0.0,Anthony Bourdain's life in pictures https://t.co/76sjWPlMRR https://t.co/MtFAqaoDvC,99,CNN
-0.6124,Sat Jun 09 08:29:13 +0000 2018,0.238,0.762,0.0,"The US Embassy in Mozambique has warned of ""imminent attacks"" against government and commercial centers in a northe‚Ä¶ https://t.co/EoDJsFFoOM",100,CNN
-0.3818,Sun Jun 10 00:12:34 +0000 2018,0.14,0.86,0.0,"Former @NFL player @JackBrewerBSI: ""We're all Americans. We're in the same family. Families fight, families quarrel‚Ä¶ https://t.co/hswCr90kiS",1,Foxnews
0.7845,Sun Jun 10 00:05:47 +0000 2018,0.0,0.653,0.347,OPINION: Justify‚Äôs Triple Crown win brings us together to admire an uncommonly gifted horse https://t.co/4nIf9mv4Wz,2,Foxnews
-0.296,Sun Jun 10 00:00:24 +0000 2018,0.145,0.855,0.0,"Earlier, President @realDonaldTrump accused Canadian Prime Minister @JustinTrudeau of making ""false statements"" at‚Ä¶ https://t.co/oUPeNM1BJv",3,Foxnews
0.3612,Sat Jun 09 23:54:29 +0000 2018,0.0,0.815,0.185,.@VP reassures family of Otto Warmbier ahead of North Korea summit https://t.co/t0jwuWxjHx,4,Foxnews
-0.5413,Sat Jun 09 23:32:44 +0000 2018,0.163,0.837,0.0,.@replouiegohmert: ‚ÄúRobert Mueller has done more damage during his 12 years as FBI director than‚Ä¶ probably all the‚Ä¶ https://t.co/u1rce2rGvi,5,Foxnews
0.2263,Sat Jun 09 23:03:37 +0000 2018,0.0,0.909,0.091,"Nile Gardiner: ""You have protectionist tariffs on both sides of the Atlantic, from the United States but also from‚Ä¶ https://t.co/5TM7aYOQhS",6,Foxnews
0.5719,Sat Jun 09 22:56:42 +0000 2018,0.0,0.764,0.236,"BREAKING: Justify wins the Belmont Stakes, earning the coveted Triple Crown https://t.co/EEHEgMVywm https://t.co/vjiT9IgcDg",7,Foxnews
-0.4019,Sat Jun 09 22:52:49 +0000 2018,0.144,0.856,0.0,"Nile Gardiner on tariff tensions: ""You have all the makings right now for a trade war."" https://t.co/iAdue9Nmav https://t.co/l3NIirukYK",8,Foxnews
0.4019,Sat Jun 09 22:48:34 +0000 2018,0.0,0.769,0.231,Taliban announce cease-fire over Eid holiday for 1st time https://t.co/LCHkJcQMW3,9,Foxnews
0.7003,Sat Jun 09 22:38:46 +0000 2018,0.0,0.766,0.234,".@VP on Otto Warmbier: ""Today I assured his dad as [@POTUS] said two days ago, their beloved son Otto Warmbier will‚Ä¶ https://t.co/ZWPmRWK0Fj",10,Foxnews
0.8238,Sat Jun 09 22:37:22 +0000 2018,0.0,0.688,0.312,".@VP on North Korea summit: ""So America, let's pray for [@POTUS] and let's pray for peace for the Korean people and‚Ä¶ https://t.co/ODJl1K4kfh",11,Foxnews
0.2755,Sat Jun 09 22:35:24 +0000 2018,0.0,0.869,0.131,".@VP on North Korea summit: ""We will not repeat the mistakes of the past."" https://t.co/vkdzKjHLD1",12,Foxnews
0.7096,Sat Jun 09 22:33:28 +0000 2018,0.0,0.753,0.247,".@VP: ""As President @realDonaldTrump embarks on this historic quest for peace, I can assure you that he also goes w‚Ä¶ https://t.co/0kzlNxMy53",13,Foxnews
-0.5859,Sat Jun 09 22:31:23 +0000 2018,0.278,0.609,0.113,".@VP on Singapore summit: ""After years of failed policies and broken promises last year, President @realDonaldTrump‚Ä¶ https://t.co/M1kPHystbo",14,Foxnews
0.0,Sat Jun 09 22:31:09 +0000 2018,0.0,1.0,0.0,".@VP on North Korea summit: ""Our president is going into this summit with his eyes wide open."" https://t.co/wOy8M4d88p",15,Foxnews
0.3182,Sat Jun 09 22:29:49 +0000 2018,0.0,0.881,0.119,".@VP on North Korea summit: ""The truth is, [@realDonaldTrump] has been preparing for this his whole life."" https://t.co/xe4EOjiKsK",16,Foxnews
0.0,Sat Jun 09 22:25:05 +0000 2018,0.0,1.0,0.0,".@VP: ""[@POTUS] spent the last two days at the G7 summit in Canada putting America first."" https://t.co/tWO4i7PqEx",17,Foxnews
0.6597,Sat Jun 09 22:22:26 +0000 2018,0.0,0.738,0.262,".@VP: ""I want to begin tonight by bringing greetings from a leader who's been delivering every day on his promise t‚Ä¶ https://t.co/czUfsg6Edj",18,Foxnews
0.7906,Sat Jun 09 22:15:04 +0000 2018,0.0,0.72,0.28,".@VP Mike Pence delivers keynote remarks at the close of the 2018 Faith &amp; Freedom Coalition ""Road to Majority."" https://t.co/JWcCBVCjx1",19,Foxnews
0.5919,Sat Jun 09 22:12:00 +0000 2018,0.0,0.797,0.203,"TOMORROW: Don't miss a brand new ""Life, Liberty, &amp; Levin"" with @marklevinshow - Tune in at 10p ET on Fox News Chann‚Ä¶ https://t.co/JloyPLb79c",20,Foxnews
-0.3818,Sun Jun 10 00:12:34 +0000 2018,0.14,0.86,0.0,"Former @NFL player @JackBrewerBSI: ""We're all Americans. We're in the same family. Families fight, families quarrel‚Ä¶ https://t.co/hswCr90kiS",21,Foxnews
0.7845,Sun Jun 10 00:05:47 +0000 2018,0.0,0.653,0.347,OPINION: Justify‚Äôs Triple Crown win brings us together to admire an uncommonly gifted horse https://t.co/4nIf9mv4Wz,22,Foxnews
-0.296,Sun Jun 10 00:00:24 +0000 2018,0.145,0.855,0.0,"Earlier, President @realDonaldTrump accused Canadian Prime Minister @JustinTrudeau of making ""false statements"" at‚Ä¶ https://t.co/oUPeNM1BJv",23,Foxnews
0.3612,Sat Jun 09 23:54:29 +0000 2018,0.0,0.815,0.185,.@VP reassures family of Otto Warmbier ahead of North Korea summit https://t.co/t0jwuWxjHx,24,Foxnews
-0.5413,Sat Jun 09 23:32:44 +0000 2018,0.163,0.837,0.0,.@replouiegohmert: ‚ÄúRobert Mueller has done more damage during his 12 years as FBI director than‚Ä¶ probably all the‚Ä¶ https://t.co/u1rce2rGvi,25,Foxnews
0.2263,Sat Jun 09 23:03:37 +0000 2018,0.0,0.909,0.091,"Nile Gardiner: ""You have protectionist tariffs on both sides of the Atlantic, from the United States but also from‚Ä¶ https://t.co/5TM7aYOQhS",26,Foxnews
0.5719,Sat Jun 09 22:56:42 +0000 2018,0.0,0.764,0.236,"BREAKING: Justify wins the Belmont Stakes, earning the coveted Triple Crown https://t.co/EEHEgMVywm https://t.co/vjiT9IgcDg",27,Foxnews
-0.4019,Sat Jun 09 22:52:49 +0000 2018,0.144,0.856,0.0,"Nile Gardiner on tariff tensions: ""You have all the makings right now for a trade war."" https://t.co/iAdue9Nmav https://t.co/l3NIirukYK",28,Foxnews
0.4019,Sat Jun 09 22:48:34 +0000 2018,0.0,0.769,0.231,Taliban announce cease-fire over Eid holiday for 1st time https://t.co/LCHkJcQMW3,29,Foxnews
0.7003,Sat Jun 09 22:38:46 +0000 2018,0.0,0.766,0.234,".@VP on Otto Warmbier: ""Today I assured his dad as [@POTUS] said two days ago, their beloved son Otto Warmbier will‚Ä¶ https://t.co/ZWPmRWK0Fj",30,Foxnews
0.8238,Sat Jun 09 22:37:22 +0000 2018,0.0,0.688,0.312,".@VP on North Korea summit: ""So America, let's pray for [@POTUS] and let's pray for peace for the Korean people and‚Ä¶ https://t.co/ODJl1K4kfh",31,Foxnews
0.2755,Sat Jun 09 22:35:24 +0000 2018,0.0,0.869,0.131,".@VP on North Korea summit: ""We will not repeat the mistakes of the past."" https://t.co/vkdzKjHLD1",32,Foxnews
0.7096,Sat Jun 09 22:33:28 +0000 2018,0.0,0.753,0.247,".@VP: ""As President @realDonaldTrump embarks on this historic quest for peace, I can assure you that he also goes w‚Ä¶ https://t.co/0kzlNxMy53",33,Foxnews
-0.5859,Sat Jun 09 22:31:23 +0000 2018,0.278,0.609,0.113,".@VP on Singapore summit: ""After years of failed policies and broken promises last year, President @realDonaldTrump‚Ä¶ https://t.co/M1kPHystbo",34,Foxnews
0.0,Sat Jun 09 22:31:09 +0000 2018,0.0,1.0,0.0,".@VP on North Korea summit: ""Our president is going into this summit with his eyes wide open."" https://t.co/wOy8M4d88p",35,Foxnews
0.3182,Sat Jun 09 22:29:49 +0000 2018,0.0,0.881,0.119,".@VP on North Korea summit: ""The truth is, [@realDonaldTrump] has been preparing for this his whole life."" https://t.co/xe4EOjiKsK",36,Foxnews
0.0,Sat Jun 09 22:25:05 +0000 2018,0.0,1.0,0.0,".@VP: ""[@POTUS] spent the last two days at the G7 summit in Canada putting America first."" https://t.co/tWO4i7PqEx",37,Foxnews
0.6597,Sat Jun 09 22:22:26 +0000 2018,0.0,0.738,0.262,".@VP: ""I want to begin tonight by bringing greetings from a leader who's been delivering every day on his promise t‚Ä¶ https://t.co/czUfsg6Edj",38,Foxnews
0.7906,Sat Jun 09 22:15:04 +0000 2018,0.0,0.72,0.28,".@VP Mike Pence delivers keynote remarks at the close of the 2018 Faith &amp; Freedom Coalition ""Road to Majority."" https://t.co/JWcCBVCjx1",39,Foxnews
0.5919,Sat Jun 09 22:12:00 +0000 2018,0.0,0.797,0.203,"TOMORROW: Don't miss a brand new ""Life, Liberty, &amp; Levin"" with @marklevinshow - Tune in at 10p ET on Fox News Chann‚Ä¶ https://t.co/JloyPLb79c",40,Foxnews
0.0,Sat Jun 09 22:09:43 +0000 2018,0.0,1.0,0.0,"SeaWorld getting rid of plastic straws, plastic bags at all US parks https://t.co/o5sCVFney1",41,Foxnews
0.0,Sat Jun 09 22:05:43 +0000 2018,0.0,1.0,0.0,".@RCamposDuffy: ""Republicans and especially Republican women and Republican or conservative minorities have always‚Ä¶ https://t.co/D6p9iIR1QB",42,Foxnews
0.0,Sat Jun 09 21:59:10 +0000 2018,0.0,1.0,0.0,"Lou Holtz on @Eagles controversy: ""The locker room belongs to the players of the @NFL. They can say anything they w‚Ä¶ https://t.co/n3NNBJA2O7",43,Foxnews
0.7351,Sat Jun 09 21:48:00 +0000 2018,0.0,0.763,0.237,".@POTUS: ""The power to pardon is a beautiful thing. You got to get it right, you got to get the right people.""‚Ä¶ https://t.co/kJoxSdfmxm",44,Foxnews
0.0,Sat Jun 09 21:41:00 +0000 2018,0.0,1.0,0.0,OPINION: There's just one way to marry the right person (and anyone can do it) https://t.co/yqcYBoKZ8w,45,Foxnews
0.0,Sat Jun 09 21:39:41 +0000 2018,0.0,1.0,0.0,".@Mark_Penn on the Mueller probe: ""I think our Constitution is being stepped on."" https://t.co/WU779vQZHl",46,Foxnews
0.128,Sat Jun 09 21:35:06 +0000 2018,0.0,0.909,0.091,"Belmont Stakes' Triple Crown contender, start time, odds and everything else about the horse race https://t.co/6SDuqSRpPJ",47,Foxnews
-0.6115,Sat Jun 09 21:32:10 +0000 2018,0.222,0.778,0.0,".@POTUS: ""The U.S. press is very dishonest, much of it, not all of it."" https://t.co/wRY77Xrqxz",48,Foxnews
0.0,Sat Jun 09 21:28:31 +0000 2018,0.0,1.0,0.0,U.S. Markets - So far this year. https://t.co/dXBWkXeAc2,49,Foxnews
-0.7088,Sat Jun 09 21:17:59 +0000 2018,0.269,0.731,0.0,.@SteveHiltonx: Trump‚Äôs criticism of G-7 is ‚Äòunprecedented‚Äô scream the elite -- That‚Äôs the whole point of Trump! https://t.co/ZwoJG4yXGb,50,Foxnews
0.0,Sat Jun 09 21:11:20 +0000 2018,0.0,1.0,0.0,President @realDonaldTrump is on his way to Singapore for a historic meeting with North Korean leader Kim Jong Un.‚Ä¶ https://t.co/f5vz9YYXXE,51,Foxnews
-0.4767,Sat Jun 09 21:03:40 +0000 2018,0.256,0.744,0.0,"Florida woman's body found after gator attack, officials say https://t.co/5zyQqG9a32",52,Foxnews
0.0772,Sat Jun 09 20:58:00 +0000 2018,0.0,0.933,0.067,".@kayleighmcenany: ""Where are the feminists, also, I want to ask - where are the Elizabeth Warrens, where are the H‚Ä¶ https://t.co/6cSwtVG0OG",53,Foxnews
0.3818,Sat Jun 09 20:53:00 +0000 2018,0.0,0.729,0.271,"President @realDonaldTrump promises ""America First"" throughout 2016. https://t.co/loUFH6m9i3",54,Foxnews
0.0,Sat Jun 09 20:49:26 +0000 2018,0.0,1.0,0.0,German Chancellor Angela Merkel speaks with President @realDonaldTrump during proceedings on the sidelines of the o‚Ä¶ https://t.co/3ObHBAyhun,55,Foxnews
0.4939,Sat Jun 09 20:47:39 +0000 2018,0.0,0.775,0.225,"Moments ago, President @realDonaldTrump praised the prime minister of Italy, @GiuseppeConteIT. https://t.co/xR842BvOcu",56,Foxnews
0.0,Sat Jun 09 20:43:46 +0000 2018,0.0,1.0,0.0,".@conservmillen on G7 summit: ""Our GDP is bigger than all of theirs combined and they do need us more than we need‚Ä¶ https://t.co/6zOc7YyliG",57,Foxnews
0.891,Sat Jun 09 20:42:54 +0000 2018,0.0,0.602,0.398,".@kayleighmcenany: ""@FLOTUS has the trust and the love of the American people - she has a 57% approval rating. Mean‚Ä¶ https://t.co/hoWeWMNEQX",58,Foxnews
0.3612,Sat Jun 09 20:35:30 +0000 2018,0.0,0.839,0.161,Trump says US is like a 'piggy bank that everybody is robbing' on trade https://t.co/PK8qw7lxvW,59,Foxnews
0.0,Sat Jun 09 20:34:17 +0000 2018,0.0,1.0,0.0,RT @EricShawnTV: I anchor @FoxNews starting at 5 pm EDT with @ArthelNeville: What @POTUS @realDonaldTrump should say to Kim Jong-un. @MIT's‚Ä¶,60,Foxnews
-0.6486,Sat Jun 09 20:12:00 +0000 2018,0.35,0.65,0.0,Eunice Gayson first-ever Bond Girl dead at 90 https://t.co/BzfcRHNxu8,61,Foxnews
0.0,Sat Jun 09 20:07:00 +0000 2018,0.0,1.0,0.0,"At his press briefing today, President @realDonaldTrump slammed his presidential predecessor for ""allow[ing] Russia‚Ä¶ https://t.co/BpMwYh65k5",62,Foxnews
0.0,Sat Jun 09 20:01:00 +0000 2018,0.0,1.0,0.0,OPINION: Newest Mars discovery tells us something miraculous about Earth https://t.co/mcATE1PRIl,63,Foxnews
-0.2584,Sat Jun 09 19:55:00 +0000 2018,0.113,0.887,0.0,.@realDonaldTrump doubles down on calls to include Russia in G-7: 'We're not looking to play games' https://t.co/nob4MbUZWM,64,Foxnews
0.0,Sat Jun 09 19:49:00 +0000 2018,0.247,0.562,0.191,.@seanhannity Praises Trump's Tough NoKo Action After 'Weak and Feckless' Obama Leadership   https://t.co/Q2Uj18acfS,65,Foxnews
-0.4939,Sat Jun 09 19:42:46 +0000 2018,0.186,0.814,0.0,Veteran claims his stolen Facebook photos were used to catfish 30 women during deployment https://t.co/YAuENcd5SL,66,Foxnews
0.6249,Sat Jun 09 19:37:46 +0000 2018,0.073,0.688,0.239,".@marykissel: ""A success in Singapore would be to get the [Kim] regime to commit to complete, irreversible and veri‚Ä¶ https://t.co/R3KDjQXhmU",67,Foxnews
-0.1531,Sat Jun 09 19:29:00 +0000 2018,0.103,0.897,0.0,SUNDAY: Don‚Äôt miss @FoxNewsSunday from Singapore ahead of President @realDonaldTrump‚Äôs historic meeting with North‚Ä¶ https://t.co/tyhBYdJ4jm,68,Foxnews
0.3182,Sat Jun 09 19:21:16 +0000 2018,0.0,0.905,0.095,"David Rivkin on @POTUS' power to self pardon: ""To say the president is above the law begs the question of what the‚Ä¶ https://t.co/mgJPUNXWcz",69,Foxnews
0.1655,Sat Jun 09 19:16:27 +0000 2018,0.0,0.93,0.07,".@POTUS: ""I do have an absolute right to pardon myself, but I'll never have to do it because I didn't do anything w‚Ä¶ https://t.co/bOUqiZ0R50",70,Foxnews
0.3612,Sat Jun 09 19:10:00 +0000 2018,0.0,0.737,0.263,Holocaust survivor who consoled Anne Frank dies https://t.co/mw0VdtPNgI,71,Foxnews
-0.6249,Sat Jun 09 19:02:20 +0000 2018,0.255,0.745,0.0,".@SeanHannity: ""President @BarackObama left Trump with unfettered international disaster after disaster."" #Hannity https://t.co/0lJuEwysLF",72,Foxnews
-0.4215,Sat Jun 09 18:56:32 +0000 2018,0.322,0.495,0.183,Republicans may have won the optics war on Congress' summer recess fight https://t.co/b1wIL2Onb0,73,Foxnews
-0.4767,Sat Jun 09 18:46:34 +0000 2018,0.162,0.838,0.0,"President @realDonaldTrump: ""Who are you with out of curiosity?""

Reporter: ""CNN.""

@POTUS: ""I figured - Fake News‚Ä¶ https://t.co/yXZpAqd07M",74,Foxnews
-0.1531,Sat Jun 09 18:39:20 +0000 2018,0.103,0.897,0.0,"'Jersey Shore' star Mike 'The Situation' Sorrentino will face tax evasion sentencing this fall
https://t.co/Hnfrd4ZLLb",75,Foxnews
-0.296,Sat Jun 09 18:36:00 +0000 2018,0.104,0.896,0.0,"At his press briefing, President @realDonaldTrump said that the U.S. would no longer be a piggy bank robbed by othe‚Ä¶ https://t.co/WAwm8Fld4P",76,Foxnews
0.3612,Sat Jun 09 18:34:04 +0000 2018,0.0,0.848,0.152,Trump says US is like a 'piggy bank that everybody is robbing' on trade https://t.co/iAdue9Nmav https://t.co/ew7uxi8JFW,77,Foxnews
-0.7906,Sat Jun 09 18:27:42 +0000 2018,0.438,0.562,0.0,Texas border patrol agents find 6 illegal immigrants trapped inside cabinets https://t.co/r5ANi7t94m,78,Foxnews
0.0,Sat Jun 09 18:20:08 +0000 2018,0.0,1.0,0.0,SUNDAY: @BretBaier is live in Singapore ahead of President @realDonaldTrump‚Äôs historic summit with North Korean lea‚Ä¶ https://t.co/Z9gEu1Zqo2,79,Foxnews
0.1027,Sat Jun 09 18:19:00 +0000 2018,0.096,0.789,0.114,".@RepMcSally: ""@POTUS has made it clear that we will not tolerate them having a nuclear weapon that can hold a U.S.‚Ä¶ https://t.co/Z9kwm68cBa",80,Foxnews
-0.5302,Sat Jun 09 18:16:48 +0000 2018,0.181,0.819,0.0,".@GrecianFormula on NK summit: ""My fear here is, I do not want [@POTUS] to give Kim Jong Un that handshake that wil‚Ä¶ https://t.co/2BcF4gR3s9",81,Foxnews
0.5859,Sat Jun 09 18:14:09 +0000 2018,0.0,0.648,0.352,.@MittRomney predicts a @realDonaldTrump win in 2020. https://t.co/FtXsikIvlB https://t.co/W2EHQ9eAw5,82,Foxnews
-0.6249,Sat Jun 09 18:03:13 +0000 2018,0.362,0.638,0.0,"Florida Revokes Hundreds of Gun Permits After Background Check Error
https://t.co/4RteHthrjk",83,Foxnews
0.4939,Sat Jun 09 17:58:00 +0000 2018,0.0,0.814,0.186,"On @foxandfriends, @RCamposDuffy praised @FLOTUS Melania Trump in the wake of constant media scrutiny.‚Ä¶ https://t.co/t4wxgWO0Qz",84,Foxnews
0.3612,Sat Jun 09 17:55:11 +0000 2018,0.0,0.884,0.116,".@kimguilfoyle on NK summit: ""With somebody like @POTUS who thinks out of the box...everything is on the table [unt‚Ä¶ https://t.co/uFk6mAOEmC",85,Foxnews
0.4767,Sat Jun 09 17:46:52 +0000 2018,0.0,0.819,0.181,"Mike Kerrigan: I thought I had enough friends, then a stranger did this on my flight home https://t.co/xZNBnn26ZS",86,Foxnews
0.0,Sat Jun 09 17:36:01 +0000 2018,0.0,1.0,0.0,.@replouiegohmert Slams Russia Probe Spending: Mueller Has 'Absolutely Blown Taxpayer Dollars' https://t.co/Xe5BeKp6Cd,87,Foxnews
0.4404,Sat Jun 09 17:30:45 +0000 2018,0.118,0.667,0.215,Love and leaks: Wolfe-Watkins latest couple to draw scrutiny for loose lips and tips https://t.co/E3h48prv3z,88,Foxnews
0.0,Sat Jun 09 17:26:00 +0000 2018,0.0,1.0,0.0,Fox News Poll: Will North Korea give up nukes? https://t.co/3x4UVwUihL,89,Foxnews
-0.4404,Sat Jun 09 17:25:26 +0000 2018,0.42,0.58,0.0,Border arrests spike. https://t.co/bxJVEDbIZi https://t.co/cGj9ea65Ui,90,Foxnews
0.0,Sat Jun 09 17:21:21 +0000 2018,0.0,1.0,0.0,".@TheRealJohnHCox: ""@GavinNewsom is Exhibit A in craven politicians."" https://t.co/b6mIxZLEPQ",91,Foxnews
0.0,Sat Jun 09 17:15:07 +0000 2018,0.0,1.0,0.0,Fox News Poll: Should @POTUS meet with North Korean leader Kim Jong Un? https://t.co/9QBv5OO5bg,92,Foxnews
0.0,Sat Jun 09 17:06:05 +0000 2018,0.0,1.0,0.0,".@RCamposDuffy: ""Republicans and especially Republican women and Republican or conservative minorities have always‚Ä¶ https://t.co/TcO81nMnJ7",93,Foxnews
-0.4588,Sat Jun 09 17:04:03 +0000 2018,0.2,0.8,0.0,Home Depot employee in Florida allegedly attacked by shopper's pet spider monkey https://t.co/gvqJD9UaOB,94,Foxnews
0.1779,Sat Jun 09 17:01:29 +0000 2018,0.135,0.677,0.188,"ABC apologizes for controversial ‚ÄòQuantico‚Äô episode, defends star Priyanka Chopra https://t.co/4sh2B6JvhK",95,Foxnews
-0.5413,Sat Jun 09 16:55:48 +0000 2018,0.163,0.837,0.0,".@replouiegohmert: ""Robert Mueller has done more damage during his 12 years as FBI Director than... probably all th‚Ä¶ https://t.co/eZePn5ltKz",96,Foxnews
0.0,Sat Jun 09 16:55:00 +0000 2018,0.0,1.0,0.0,".@RealDeanCain: ""I stand for the anthem. I would never kneel for the anthem."" https://t.co/XIXO0UeJmR",97,Foxnews
0.3612,Sat Jun 09 16:49:31 +0000 2018,0.0,0.667,0.333,Do you agree with @SenSanders? https://t.co/jixhab3nlt,98,Foxnews
-0.1531,Sat Jun 09 16:39:04 +0000 2018,0.082,0.918,0.0,"MONDAY: Don‚Äôt miss three hours of ‚ÄòAmerica‚Äôs Newsroom‚Äô with @BillHemmer and @SandraSmithFox, starting at 9a ET on F‚Ä¶ https://t.co/A0OfAH4QPo",99,Foxnews
-0.8555,Sat Jun 09 16:34:08 +0000 2018,0.54,0.46,0.0,"1,000 illegal immigrants bused to California federal prison for detention https://t.co/B3t12CUk1m",100,Foxnews
-0.1531,Sat Jun 09 23:11:34 +0000 2018,0.151,0.849,0.0,Judge Stops Deportation of a New York Pizza Delivery Man. https://t.co/Xx9UvPA1dP,1,NYT
0.0,Sat Jun 09 22:23:33 +0000 2018,0.0,1.0,0.0,Op-Ed Columnist: Debacle in Quebec. https://t.co/hubSiRdo02,2,NYT
0.4404,Sat Jun 09 22:21:34 +0000 2018,0.0,0.734,0.266,Contributing Op-Ed Writer: Selling the Protected Area Myth. https://t.co/9SquStMTQF,3,NYT
-0.6705,Sat Jun 09 22:05:33 +0000 2018,0.647,0.353,0.0,I Have Post-Brokeness Stress Disorder. https://t.co/8fLV7o0oF4,4,NYT
0.0,Sat Jun 09 21:48:34 +0000 2018,0.0,1.0,0.0,"Barbara Kafka, Cookbook Author and Food Writer, Dies at 84. https://t.co/oAcvXg0h66",5,NYT
-0.6486,Sat Jun 09 21:47:33 +0000 2018,0.264,0.736,0.0,"Kate Spade, Whose Handbags Carried Women Into Adulthood, Is Dead at 55. https://t.co/uHFwKZITDK",6,NYT
-0.4215,Sat Jun 09 21:30:34 +0000 2018,0.219,0.781,0.0,Yankees Put Masahiro Tanaka on the D.L. After a Base-Running Injury. https://t.co/wOcduSeuQf,7,NYT
0.0,Sat Jun 09 20:09:33 +0000 2018,0.0,1.0,0.0,"Lorraine Gordon, Keeper of the Village Vanguard Flame, Dies at 95. https://t.co/IhliN1drtB",8,NYT
0.0,Sat Jun 09 20:08:33 +0000 2018,0.0,1.0,0.0,The Last Word: Lorraine Gordon. https://t.co/AJAAYpB1b3,9,NYT
0.6597,Sat Jun 09 20:07:33 +0000 2018,0.138,0.345,0.517,Surviving the Miss Ex-Yugoslavia Beauty Pageant. https://t.co/yAXCEm9jig,10,NYT
0.0,Sat Jun 09 20:06:33 +0000 2018,0.0,1.0,0.0,Op-Ed Columnist: Bill‚Äôs Belated #MeToo Moment. https://t.co/eXd8ydnxPK,11,NYT
-0.5423,Sat Jun 09 20:05:33 +0000 2018,0.259,0.741,0.0,Salmonella Outbreak That Sickened 60 Is Linked to Pre-Cut Melons. https://t.co/nmjWBc0pbK,12,NYT
0.0,Sat Jun 09 19:49:33 +0000 2018,0.0,1.0,0.0,Belmont Stakes 2018: Updates as Justify Attempts a Triple Crown Sweep. https://t.co/YIxpCDJeQY,13,NYT
0.0,Sat Jun 09 19:34:34 +0000 2018,0.0,1.0,0.0,The Allegory of the Baseball Broadcast Booth. https://t.co/dKWLD7G7s3,14,NYT
0.0,Sat Jun 09 19:33:33 +0000 2018,0.0,1.0,0.0,The 1st 2020 Race Is Underway: Scrambling for New York Donors. https://t.co/NEL3YbxOot,15,NYT
0.3612,Sat Jun 09 18:53:34 +0000 2018,0.0,0.762,0.238,Op-Ed Columnist: Scott Pruitt Smells Like the Ritz. https://t.co/n8BcushmxF,16,NYT
-0.2023,Sat Jun 09 18:52:33 +0000 2018,0.294,0.476,0.23,Op-Ed Columnist: Grim Trends in Good Times. https://t.co/0bCNhgpEV6,17,NYT
0.0,Sat Jun 09 18:51:33 +0000 2018,0.0,1.0,0.0,"Vote For Me! For Second Place, at Least?. https://t.co/sPTWT8D6iQ",18,NYT
-0.296,Sat Jun 09 18:50:34 +0000 2018,0.18,0.82,0.0,Editorial Observer: African-Americans and the Strains of the National Anthem. https://t.co/IJyWRUYdVu,19,NYT
0.0,Sat Jun 09 18:49:34 +0000 2018,0.0,1.0,0.0,How a Pediatrician Became a Detective. https://t.co/nX5miCIxJo,20,NYT
-0.1531,Sat Jun 09 23:11:34 +0000 2018,0.151,0.849,0.0,Judge Stops Deportation of a New York Pizza Delivery Man. https://t.co/Xx9UvPA1dP,21,NYT
0.0,Sat Jun 09 22:23:33 +0000 2018,0.0,1.0,0.0,Op-Ed Columnist: Debacle in Quebec. https://t.co/hubSiRdo02,22,NYT
0.4404,Sat Jun 09 22:21:34 +0000 2018,0.0,0.734,0.266,Contributing Op-Ed Writer: Selling the Protected Area Myth. https://t.co/9SquStMTQF,23,NYT
-0.6705,Sat Jun 09 22:05:33 +0000 2018,0.647,0.353,0.0,I Have Post-Brokeness Stress Disorder. https://t.co/8fLV7o0oF4,24,NYT
0.0,Sat Jun 09 21:48:34 +0000 2018,0.0,1.0,0.0,"Barbara Kafka, Cookbook Author and Food Writer, Dies at 84. https://t.co/oAcvXg0h66",25,NYT
-0.6486,Sat Jun 09 21:47:33 +0000 2018,0.264,0.736,0.0,"Kate Spade, Whose Handbags Carried Women Into Adulthood, Is Dead at 55. https://t.co/uHFwKZITDK",26,NYT
-0.4215,Sat Jun 09 21:30:34 +0000 2018,0.219,0.781,0.0,Yankees Put Masahiro Tanaka on the D.L. After a Base-Running Injury. https://t.co/wOcduSeuQf,27,NYT
0.0,Sat Jun 09 20:09:33 +0000 2018,0.0,1.0,0.0,"Lorraine Gordon, Keeper of the Village Vanguard Flame, Dies at 95. https://t.co/IhliN1drtB",28,NYT
0.0,Sat Jun 09 20:08:33 +0000 2018,0.0,1.0,0.0,The Last Word: Lorraine Gordon. https://t.co/AJAAYpB1b3,29,NYT
0.6597,Sat Jun 09 20:07:33 +0000 2018,0.138,0.345,0.517,Surviving the Miss Ex-Yugoslavia Beauty Pageant. https://t.co/yAXCEm9jig,30,NYT
0.0,Sat Jun 09 20:06:33 +0000 2018,0.0,1.0,0.0,Op-Ed Columnist: Bill‚Äôs Belated #MeToo Moment. https://t.co/eXd8ydnxPK,31,NYT
-0.5423,Sat Jun 09 20:05:33 +0000 2018,0.259,0.741,0.0,Salmonella Outbreak That Sickened 60 Is Linked to Pre-Cut Melons. https://t.co/nmjWBc0pbK,32,NYT
0.0,Sat Jun 09 19:49:33 +0000 2018,0.0,1.0,0.0,Belmont Stakes 2018: Updates as Justify Attempts a Triple Crown Sweep. https://t.co/YIxpCDJeQY,33,NYT
0.0,Sat Jun 09 19:34:34 +0000 2018,0.0,1.0,0.0,The Allegory of the Baseball Broadcast Booth. https://t.co/dKWLD7G7s3,34,NYT
0.0,Sat Jun 09 19:33:33 +0000 2018,0.0,1.0,0.0,The 1st 2020 Race Is Underway: Scrambling for New York Donors. https://t.co/NEL3YbxOot,35,NYT
0.3612,Sat Jun 09 18:53:34 +0000 2018,0.0,0.762,0.238,Op-Ed Columnist: Scott Pruitt Smells Like the Ritz. https://t.co/n8BcushmxF,36,NYT
-0.2023,Sat Jun 09 18:52:33 +0000 2018,0.294,0.476,0.23,Op-Ed Columnist: Grim Trends in Good Times. https://t.co/0bCNhgpEV6,37,NYT
0.0,Sat Jun 09 18:51:33 +0000 2018,0.0,1.0,0.0,"Vote For Me! For Second Place, at Least?. https://t.co/sPTWT8D6iQ",38,NYT
-0.296,Sat Jun 09 18:50:34 +0000 2018,0.18,0.82,0.0,Editorial Observer: African-Americans and the Strains of the National Anthem. https://t.co/IJyWRUYdVu,39,NYT
0.0,Sat Jun 09 18:49:34 +0000 2018,0.0,1.0,0.0,How a Pediatrician Became a Detective. https://t.co/nX5miCIxJo,40,NYT
0.2263,Sat Jun 09 18:48:33 +0000 2018,0.0,0.826,0.174,Opinion: Turning Affluent Suburbs Blue Isn‚Äôt Worth the Cost. https://t.co/pGcdxe9mc7,41,NYT
-0.5423,Sat Jun 09 18:47:33 +0000 2018,0.412,0.588,0.0,The Resource Curse of Appalachia. https://t.co/qYD6lrmAu1,42,NYT
-0.1531,Sat Jun 09 18:46:33 +0000 2018,0.167,0.833,0.0,News Analysis: Miss America Gets to Dress Herself. https://t.co/Y4AYyGxWRe,43,NYT
-0.5994,Sat Jun 09 18:45:33 +0000 2018,0.281,0.719,0.0,International Court Throws Out War Crimes Conviction of Congolese Politician. https://t.co/GIKw5e03ge,44,NYT
0.0,Sat Jun 09 18:44:34 +0000 2018,0.0,1.0,0.0,"Op-Ed Columnist: North Korea, Trump and Human Rights. https://t.co/bHs56ms1CG",45,NYT
0.4767,Sat Jun 09 18:43:34 +0000 2018,0.0,0.744,0.256,‚ÄòTony Was a Symphony‚Äô: Friends and Fans Remember Anthony Bourdain. https://t.co/S95GanVxXZ,46,NYT
0.3612,Sat Jun 09 18:29:33 +0000 2018,0.0,0.815,0.185,"In Alternative World Cup, Would-be Nations Like Tibet Vie for Recognition. https://t.co/FxobIz9cQY",47,NYT
0.5106,Sat Jun 09 18:28:33 +0000 2018,0.0,0.798,0.202,Postcards From the French Open: Cheering John McEnroe in Paris Never Gets Old. https://t.co/Oft1MDBDo9,48,NYT
0.0,Sat Jun 09 18:13:33 +0000 2018,0.0,1.0,0.0,"In Newark, Police Cameras, and the Internet, Watch You. https://t.co/ficLp0JRMs",49,NYT
0.5859,Sat Jun 09 17:59:33 +0000 2018,0.0,0.743,0.257,"A Visa Lottery Winner a Decade Ago, a U.S. Soldier Returns Home to Lithuania. https://t.co/RuLdmBpY2M",50,NYT
-0.4019,Sat Jun 09 17:43:33 +0000 2018,0.213,0.787,0.0,"In the Trump Administration, Science Is Unwelcome. So Is Advice.. https://t.co/RlCMzjvIuk",51,NYT
0.0,Sat Jun 09 17:42:33 +0000 2018,0.0,1.0,0.0,Keeping Score: The Warriors Were Dominant. But How Dominant?. https://t.co/yZHNDtPFXz,52,NYT
0.0,Sat Jun 09 17:28:33 +0000 2018,0.0,1.0,0.0,Malaysia Steps Up $4.5 Billion Corruption Inquiry. https://t.co/Jv0FFihc2E,53,NYT
0.0,Sat Jun 09 16:25:33 +0000 2018,0.0,1.0,0.0,The World Cup Isn‚Äôt About Football. It‚Äôs About Everything.. https://t.co/0RekCENiXZ,54,NYT
-0.3818,Sat Jun 09 16:10:33 +0000 2018,0.178,0.822,0.0,Extra bases: How the Mariners Found Their Way After Losing Robinson Cano. https://t.co/7caUvrrmgH,55,NYT
0.6705,Sat Jun 09 16:09:33 +0000 2018,0.0,0.593,0.407,Turkish Opposition Hopes 4 Parties Are Mightier Than 1 Against Erdogan. https://t.co/itXkghsggc,56,NYT
0.5106,Sat Jun 09 15:56:33 +0000 2018,0.0,0.68,0.32,Trump Displays Confidence About North Korea Talks. https://t.co/d40Av07qZb,57,NYT
0.34,Sat Jun 09 15:55:33 +0000 2018,0.0,0.806,0.194,Contributing Op-Ed Writer: The Secret Life and Value of Trees. https://t.co/M6PKuRDiIS,58,NYT
-0.836,Sat Jun 09 15:54:34 +0000 2018,0.467,0.533,0.0,Sorrow and Questions in a French Village After Anthony Bourdain‚Äôs Suicide. https://t.co/WLnVwoJWq1,59,NYT
0.0,Sat Jun 09 15:43:33 +0000 2018,0.0,1.0,0.0,Trump Invitation to Russia Deepens Rift With America‚Äôs Allies. https://t.co/xpCzJPjALf,60,NYT
-0.296,Sat Jun 09 15:42:33 +0000 2018,0.155,0.845,0.0,Trump Says U.S. Will No Longer Be ‚ÄòPiggy Bank That Everybody‚Äôs Robbing‚Äô. https://t.co/pk08R5Et7C,61,NYT
-0.296,Sat Jun 09 15:41:33 +0000 2018,0.167,0.833,0.0,No Need to Prepare to Meet Kim Jong-un? Trump Has a Point. https://t.co/Z6qBSTHLrx,62,NYT
-0.4588,Sat Jun 09 15:24:33 +0000 2018,0.2,0.8,0.0,"Simona Halep Breaks Through, Beating Sloane Stephens for the French Open Title. https://t.co/FXZcsO2uvf",63,NYT
0.5574,Sat Jun 09 15:10:33 +0000 2018,0.0,0.714,0.286,Who Will Pick Up the Supreme Leader‚Äôs Hotel Tab?. https://t.co/ivFktstJj8,64,NYT
0.4939,Sat Jun 09 15:09:33 +0000 2018,0.0,0.686,0.314,Sporting: The Distinct Joys of Clay-Court Tennis. https://t.co/GAsr50PgaO,65,NYT
0.0,Sat Jun 09 14:55:33 +0000 2018,0.0,1.0,0.0,Mini-Vows: They Hit It Off During a Surgical Consultation. https://t.co/SZwfDHH2wh,66,NYT
0.3182,Sat Jun 09 14:54:33 +0000 2018,0.0,0.777,0.223,"Mini-Vows: A Sense of Adventure, Whether Near or Far. https://t.co/qxnXjrvyC8",67,NYT
0.0,Sat Jun 09 14:53:34 +0000 2018,0.0,1.0,0.0,Mini-Vows: The Heart Just Grew Fonder When He Was in the Middle East. https://t.co/1EVqIZOXTm,68,NYT
-0.296,Sat Jun 09 11:23:33 +0000 2018,0.136,0.864,0.0,Pope Tells Oil Executives to Act on Climate: ‚ÄòThere Is No Time to Lose‚Äô. https://t.co/My6lkIY8VE,69,NYT
-0.7717,Sat Jun 09 10:51:33 +0000 2018,0.427,0.573,0.0,"Mark Zuckerberg, Elon Musk and the Feud Over Killer Robots. https://t.co/CDaPcICz9B",70,NYT
-0.4939,Sat Jun 09 10:23:33 +0000 2018,0.314,0.686,0.0,Nonfiction: How Christians Destroyed the Ancient World. https://t.co/fbO03q93Kl,71,NYT
0.5267,Sat Jun 09 10:22:33 +0000 2018,0.087,0.652,0.261,atmosphere: The Rich Are Planning to Leave This Wretched Planet. https://t.co/0JPpaRY0Ww,72,NYT
0.0,Sat Jun 09 10:21:33 +0000 2018,0.0,1.0,0.0,"Check In: At a London Hotel, Art Deco Design and Stylish Cocktails. https://t.co/OMgzsazBDB",73,NYT
-0.1027,Sat Jun 09 10:20:33 +0000 2018,0.149,0.851,0.0,U.N. Imposes Sanctions on 6 for Trafficking Libyan Migrants. https://t.co/5YoVQx7a6c,74,NYT
-0.1779,Sat Jun 09 10:15:33 +0000 2018,0.108,0.892,0.0,"Playlist: The Playlist: Kanye West‚Äôs Breakout Star 070 Shake, and 10 More New Songs. https://t.co/b64ANwR65I",75,NYT
0.0,Sat Jun 09 10:14:33 +0000 2018,0.0,1.0,0.0,Review: Pulled Apart by ‚ÄòLove and Intrigue‚Äô. https://t.co/1vKc88r9PF,76,NYT
0.0,Sat Jun 09 10:13:33 +0000 2018,0.0,1.0,0.0,"To Conduct Its Parks Concerts, the Philharmonic Taps a Rising Star. https://t.co/qpkJD96dI7",77,NYT
0.0,Sat Jun 09 10:12:33 +0000 2018,0.0,1.0,0.0,The Shortlist: 3 New Novels on the Perils of Digital Life. https://t.co/v1ymR7XOJ7,78,NYT
0.0258,Sat Jun 09 10:11:33 +0000 2018,0.237,0.52,0.243,"The Best, Worst and Scariest of This Week‚Äôs Movie Trailers. https://t.co/H3HIuUOI2R",79,NYT
0.5267,Sat Jun 09 10:10:33 +0000 2018,0.0,0.673,0.327,The Poetic Justice of Stella Abrera‚Äôs Juliet. https://t.co/nsLltMMcHa,80,NYT
0.0,Sat Jun 09 10:09:33 +0000 2018,0.0,1.0,0.0,Critic‚Äôs Notebook: High School Musicians Take On the (Almost) Unplayable. https://t.co/9h0U5cY96U,81,NYT
0.0,Sat Jun 09 10:08:33 +0000 2018,0.0,1.0,0.0,Lisa Edelstein Says Goodbye to Her ‚ÄòGirlfriends‚Äô. https://t.co/q3MLUdhG3G,82,NYT
0.0,Sat Jun 09 10:07:33 +0000 2018,0.0,1.0,0.0,"A Word With: Kevin Costner Revisits the American West, Now by Helicopter. https://t.co/WhXKfYy7B4",83,NYT
0.6486,Sat Jun 09 10:06:33 +0000 2018,0.0,0.629,0.371,Streaming: ‚ÄòCaravaggio‚Äô and Other Pleasures and Provocations for Pride Month. https://t.co/YJStl7KRnI,84,NYT
0.6369,Sat Jun 09 10:05:33 +0000 2018,0.0,0.588,0.412,11 of Our Best Weekend Reads. https://t.co/lr52XIngj5,85,NYT
0.0,Sat Jun 09 10:04:33 +0000 2018,0.0,1.0,0.0,"Art Is Becoming a Financial Product, and Blockchain Is Making It Happen. https://t.co/0hpbf8V7ME",86,NYT
-0.4215,Sat Jun 09 10:03:33 +0000 2018,0.226,0.774,0.0,"RuPaul‚Äôs Drag Race: ‚ÄòRuPaul‚Äôs Drag Race‚Äô Season 10, Episode 11 Recap: Just Don‚Äôt Stare. https://t.co/57dkxvXNch",87,NYT
-0.1531,Sat Jun 09 10:02:33 +0000 2018,0.11,0.89,0.0,‚ÄòYou Have to Be Girl-Power Tough‚Äô: Pageant Competitors Weigh in on Miss America. https://t.co/g7rk3Fdf2J,88,NYT
0.0,Sat Jun 09 10:01:33 +0000 2018,0.0,1.0,0.0,"This Week: Philharmonic Concerts in the Parks, Summer Jam, Alvin Ailey. https://t.co/WBNhlb5cLc",89,NYT
0.5859,Sat Jun 09 10:00:33 +0000 2018,0.0,0.648,0.352,He Literally Wrote the Book on Fabulousness. https://t.co/kakzT5i1K9,90,NYT
0.0,Sat Jun 09 09:59:33 +0000 2018,0.0,1.0,0.0,New York Today: New York Today: 5 Reasons to Watch the Tonys. https://t.co/uECIneaanG,91,NYT
0.6369,Sat Jun 09 09:58:33 +0000 2018,0.0,0.792,0.208,Best of Late Night: Colbert Wants Trump to Prepare More for His Meeting With Kim Jong-un. https://t.co/dlLu5WdoMN,92,NYT
-0.8979,Sat Jun 09 09:57:33 +0000 2018,0.645,0.355,0.0,"Crime: Dangerous Disappearing Acts, With Killers in Pursuit. https://t.co/AMeAzrnitr",93,NYT
0.0,Sat Jun 09 09:56:33 +0000 2018,0.0,1.0,0.0,Inside the List: Everything Is Copy. https://t.co/VVuY4wjMTR,94,NYT
0.0,Sat Jun 09 09:55:33 +0000 2018,0.0,1.0,0.0,"New in Paperback: ‚ÄòRising Star,‚Äô ‚ÄòMrs. Fletcher‚Äô. https://t.co/18RNZNm0Qj",95,NYT
0.0516,Sat Jun 09 09:54:33 +0000 2018,0.145,0.64,0.215,"The Shortlist: The Struggles of Modern Motherhood in Essays, a Thriller and a Dystopian Novel. https://t.co/HyV38ek8eQ",96,NYT
0.0,Sat Jun 09 09:50:33 +0000 2018,0.0,1.0,0.0,"Fiction: A Persian Turned Parisian Insists: I‚Äôm Not an Immigrant, I‚Äôm an Exile. https://t.co/eiNIhsC2RD",97,NYT
0.0,Sat Jun 09 09:47:33 +0000 2018,0.0,1.0,0.0,Our Back Pages: Notes From the Book Review Archives. https://t.co/NeQuxiRhSi,98,NYT
0.0,Sat Jun 09 09:46:33 +0000 2018,0.0,1.0,0.0,What‚Äôs on TV Friday: ‚ÄòSense8‚Äô and ‚ÄòJust Another Immigrant‚Äô. https://t.co/C78Y2SRZhS,99,NYT
-0.5994,Sat Jun 09 09:45:33 +0000 2018,0.262,0.738,0.0,"David Douglas Duncan, 102, Who Photographed the Reality of War, Dies. https://t.co/rUB7XFI09P",100,NYT
